warning: lifetime flowing from input to output with different syntax can be confusing
   --> raphtory-api/src/core/entities/mod.rs:228:19
    |
228 |     pub fn to_str(&self) -> Cow<str> {
    |                   ^^^^^     -------- the lifetime gets resolved as `'_`
    |                   |
    |                   this lifetime flows to the output
    |
    = note: `#[warn(mismatched_lifetime_syntaxes)]` on by default
help: one option is to remove the lifetime for references and use the anonymous lifetime for paths
    |
228 |     pub fn to_str(&self) -> Cow<'_, str> {
    |                                 +++

warning: lifetime flowing from input to output with different syntax can be confusing
   --> raphtory-api/src/core/entities/mod.rs:249:19
    |
249 |     pub fn as_ref(&self) -> GidRef {
    |                   ^^^^^     ------ the lifetime gets resolved as `'_`
    |                   |
    |                   this lifetime flows to the output
    |
help: one option is to remove the lifetime for references and use the anonymous lifetime for paths
    |
249 |     pub fn as_ref(&self) -> GidRef<'_> {
    |                                   ++++

warning: lifetime flowing from input to output with different syntax can be confusing
   --> raphtory-api/src/core/entities/mod.rs:457:32
    |
457 |     pub fn constrain_from_edge(&self, e: EdgeRef) -> Cow<LayerIds> {
    |                                ^^^^^                 ------------- the lifetime gets resolved as `'_`
    |                                |
    |                                this lifetime flows to the output
    |
help: one option is to remove the lifetime for references and use the anonymous lifetime for paths
    |
457 |     pub fn constrain_from_edge(&self, e: EdgeRef) -> Cow<'_, LayerIds> {
    |                                                          +++

warning: lifetime flowing from input to output with different syntax can be confusing
   --> raphtory-api/src/core/entities/properties/prop/prop_array.rs:111:24
    |
111 |     fn iter_prop_inner(&self) -> Option<BoxedLIter<Prop>> {
    |                        ^^^^^            ---------------- the lifetime gets resolved as `'_`
    |                        |
    |                        this lifetime flows to the output
    |
help: one option is to remove the lifetime for references and use the anonymous lifetime for paths
    |
111 |     fn iter_prop_inner(&self) -> Option<BoxedLIter<'_, Prop>> {
    |                                                    +++

warning: `raphtory-api` (lib) generated 4 warnings (run `cargo fix --lib -p raphtory-api` to apply 4 suggestions)
warning: lifetime flowing from input to output with different syntax can be confusing
   --> raphtory-core/src/entities/graph/tgraph.rs:271:9
    |
271 |         &self,
    |         ^^^^^ this lifetime flows to the output
...
276 |     ) -> EdgeWGuard {
    |          ---------- the lifetime gets resolved as `'_`
    |
    = note: `#[warn(mismatched_lifetime_syntaxes)]` on by default
help: one option is to remove the lifetime for references and use the anonymous lifetime for paths
    |
276 |     ) -> EdgeWGuard<'_> {
    |                    ++++

warning: lifetime flowing from input to output with different syntax can be confusing
   --> raphtory-core/src/entities/graph/tgraph.rs:289:9
    |
289 |         &self,
    |         ^^^^^ this lifetime flows to the output
...
295 |     ) -> MaybeNew<EdgeWGuard> {
    |                   ---------- the lifetime gets resolved as `'_`
    |
help: one option is to remove the lifetime for references and use the anonymous lifetime for paths
    |
295 |     ) -> MaybeNew<EdgeWGuard<'_>> {
    |                             ++++

warning: lifetime flowing from input to output with different syntax can be confusing
   --> raphtory-core/src/entities/graph/tgraph.rs:347:17
    |
347 |     pub fn node(&self, id: VID) -> NodeEntry {
    |                 ^^^^^              --------- the lifetime gets resolved as `'_`
    |                 |
    |                 this lifetime flows to the output
    |
help: one option is to remove the lifetime for references and use the anonymous lifetime for paths
    |
347 |     pub fn node(&self, id: VID) -> NodeEntry<'_> {
    |                                             ++++

warning: lifetime flowing from input to output with different syntax can be confusing
  --> raphtory-core/src/entities/graph/tgraph_storage.rs:52:22
   |
52 |     pub fn push_node(&self, node: NodeStore) -> UninitialisedEntry<NodeStore, NodeSlot> {
   |                      ^^^^^                      --------------------------------------- the lifetime gets resolved as `'_`
   |                      |
   |                      this lifetime flows to the output
   |
help: one option is to remove the lifetime for references and use the anonymous lifetime for paths
   |
52 |     pub fn push_node(&self, node: NodeStore) -> UninitialisedEntry<'_, NodeStore, NodeSlot> {
   |                                                                    +++

warning: lifetime flowing from input to output with different syntax can be confusing
  --> raphtory-core/src/entities/graph/tgraph_storage.rs:56:22
   |
56 |     pub fn push_edge(&self, edge: EdgeStore) -> UninitialisedEdge {
   |                      ^^^^^                      ----------------- the lifetime gets resolved as `'_`
   |                      |
   |                      this lifetime flows to the output
   |
help: one option is to remove the lifetime for references and use the anonymous lifetime for paths
   |
56 |     pub fn push_edge(&self, edge: EdgeStore) -> UninitialisedEdge<'_> {
   |                                                                  ++++

warning: lifetime flowing from input to output with different syntax can be confusing
  --> raphtory-core/src/entities/graph/tgraph_storage.rs:66:25
   |
66 |     pub fn get_edge_mut(&self, eid: EID) -> EdgeWGuard {
   |                         ^^^^^               ---------- the lifetime gets resolved as `'_`
   |                         |
   |                         this lifetime flows to the output
   |
help: one option is to remove the lifetime for references and use the anonymous lifetime for paths
   |
66 |     pub fn get_edge_mut(&self, eid: EID) -> EdgeWGuard<'_> {
   |                                                       ++++

warning: lifetime flowing from input to output with different syntax can be confusing
  --> raphtory-core/src/entities/graph/tgraph_storage.rs:76:23
   |
76 |     pub fn edge_entry(&self, eid: EID) -> EdgeRGuard {
   |                       ^^^^^               ---------- the lifetime gets resolved as `'_`
   |                       |
   |                       this lifetime flows to the output
   |
help: one option is to remove the lifetime for references and use the anonymous lifetime for paths
   |
76 |     pub fn edge_entry(&self, eid: EID) -> EdgeRGuard<'_> {
   |                                                     ++++

warning: lifetime flowing from input to output with different syntax can be confusing
  --> raphtory-core/src/entities/nodes/node_ref.rs:12:20
   |
12 |     fn as_node_ref(&self) -> NodeRef;
   |                    ^^^^^     ------- the lifetime gets resolved as `'_`
   |                    |
   |                    this lifetime flows to the output
   |
help: one option is to remove the lifetime for references and use the anonymous lifetime for paths
   |
12 |     fn as_node_ref(&self) -> NodeRef<'_>;
   |                                     ++++

warning: lifetime flowing from input to output with different syntax can be confusing
  --> raphtory-core/src/entities/nodes/node_ref.rs:24:19
   |
24 |     fn as_gid_ref(&self) -> Either<GidRef, VID> {
   |                   ^^^^^            ------ the lifetime gets resolved as `'_`
   |                   |
   |                   this lifetime flows to the output
   |
help: one option is to remove the lifetime for references and use the anonymous lifetime for paths
   |
24 |     fn as_gid_ref(&self) -> Either<GidRef<'_>, VID> {
   |                                          ++++

warning: lifetime flowing from input to output with different syntax can be confusing
  --> raphtory-core/src/entities/nodes/node_ref.rs:33:20
   |
33 |     fn as_node_ref(&self) -> NodeRef {
   |                    ^^^^^     ------- the lifetime gets resolved as `'_`
   |                    |
   |                    this lifetime flows to the output
   |
help: one option is to remove the lifetime for references and use the anonymous lifetime for paths
   |
33 |     fn as_node_ref(&self) -> NodeRef<'_> {
   |                                     ++++

warning: lifetime flowing from input to output with different syntax can be confusing
  --> raphtory-core/src/entities/nodes/node_ref.rs:39:20
   |
39 |     fn as_node_ref(&self) -> NodeRef {
   |                    ^^^^^     ------- the lifetime gets resolved as `'_`
   |                    |
   |                    this lifetime flows to the output
   |
help: one option is to remove the lifetime for references and use the anonymous lifetime for paths
   |
39 |     fn as_node_ref(&self) -> NodeRef<'_> {
   |                                     ++++

warning: lifetime flowing from input to output with different syntax can be confusing
  --> raphtory-core/src/entities/nodes/node_ref.rs:45:20
   |
45 |     fn as_node_ref(&self) -> NodeRef {
   |                    ^^^^^     ------- the lifetime gets resolved as `'_`
   |                    |
   |                    this lifetime flows to the output
   |
help: one option is to remove the lifetime for references and use the anonymous lifetime for paths
   |
45 |     fn as_node_ref(&self) -> NodeRef<'_> {
   |                                     ++++

warning: lifetime flowing from input to output with different syntax can be confusing
  --> raphtory-core/src/entities/nodes/node_ref.rs:51:20
   |
51 |     fn as_node_ref(&self) -> NodeRef {
   |                    ^^^^^     ------- the lifetime gets resolved as `'_`
   |                    |
   |                    this lifetime flows to the output
   |
help: one option is to remove the lifetime for references and use the anonymous lifetime for paths
   |
51 |     fn as_node_ref(&self) -> NodeRef<'_> {
   |                                     ++++

warning: lifetime flowing from input to output with different syntax can be confusing
  --> raphtory-core/src/entities/nodes/node_ref.rs:57:20
   |
57 |     fn as_node_ref(&self) -> NodeRef {
   |                    ^^^^^     ------- the lifetime gets resolved as `'_`
   |                    |
   |                    this lifetime flows to the output
   |
help: one option is to remove the lifetime for references and use the anonymous lifetime for paths
   |
57 |     fn as_node_ref(&self) -> NodeRef<'_> {
   |                                     ++++

warning: lifetime flowing from input to output with different syntax can be confusing
  --> raphtory-core/src/entities/nodes/node_ref.rs:63:20
   |
63 |     fn as_node_ref(&self) -> NodeRef {
   |                    ^^^^^     ------- the lifetime gets resolved as `'_`
   |                    |
   |                    this lifetime flows to the output
   |
help: one option is to remove the lifetime for references and use the anonymous lifetime for paths
   |
63 |     fn as_node_ref(&self) -> NodeRef<'_> {
   |                                     ++++

warning: lifetime flowing from input to output with different syntax can be confusing
  --> raphtory-core/src/entities/nodes/node_ref.rs:69:20
   |
69 |     fn as_node_ref(&self) -> NodeRef {
   |                    ^^^^^     ------- the lifetime gets resolved as `'_`
   |                    |
   |                    this lifetime flows to the output
   |
help: one option is to remove the lifetime for references and use the anonymous lifetime for paths
   |
69 |     fn as_node_ref(&self) -> NodeRef<'_> {
   |                                     ++++

warning: lifetime flowing from input to output with different syntax can be confusing
  --> raphtory-core/src/entities/nodes/node_ref.rs:76:20
   |
76 |     fn as_node_ref(&self) -> NodeRef {
   |                    ^^^^^     ------- the lifetime gets resolved as `'_`
   |                    |
   |                    this lifetime flows to the output
   |
help: one option is to remove the lifetime for references and use the anonymous lifetime for paths
   |
76 |     fn as_node_ref(&self) -> NodeRef<'_> {
   |                                     ++++

warning: lifetime flowing from input to output with different syntax can be confusing
   --> raphtory-core/src/entities/nodes/node_store.rs:290:21
    |
290 | ...rs(&self, layers: &LayerIds, d: Direction, self_id: VID) -> BoxedLIter<EdgeRef> {
    |       ^^^^^ this lifetime flows to the output                  ------------------- the lifetime gets resolved as `'_`
    |
help: one option is to remove the lifetime for references and use the anonymous lifetime for paths
    |
290 |     fn merge_layers(&self, layers: &LayerIds, d: Direction, self_id: VID) -> BoxedLIter<'_, EdgeRef> {
    |                                                                                         +++

warning: lifetime flowing from input to output with different syntax can be confusing
  --> raphtory-core/src/entities/nodes/structure/adj.rs:62:24
   |
62 |     pub(crate) fn iter(&self, dir: Direction) -> BoxedLIter<(VID, EID)> {
   |                        ^^^^^                     ---------------------- the lifetime gets resolved as `'_`
   |                        |
   |                        this lifetime flows to the output
   |
help: one option is to remove the lifetime for references and use the anonymous lifetime for paths
   |
62 |     pub(crate) fn iter(&self, dir: Direction) -> BoxedLIter<'_, (VID, EID)> {
   |                                                             +++

warning: lifetime flowing from input to output with different syntax can be confusing
  --> raphtory-core/src/entities/nodes/structure/adjset.rs:89:17
   |
89 |     pub fn iter(&self) -> BoxedLIter<(K, V)> {
   |                 ^^^^^     ------------------ the lifetime gets resolved as `'_`
   |                 |
   |                 this lifetime flows to the output
   |
help: one option is to remove the lifetime for references and use the anonymous lifetime for paths
   |
89 |     pub fn iter(&self) -> BoxedLIter<'_, (K, V)> {
   |                                      +++

warning: lifetime flowing from input to output with different syntax can be confusing
   --> raphtory-core/src/storage/mod.rs:409:17
    |
409 |     pub fn iter(&self) -> impl Iterator<Item = NodePtr> {
    |                 ^^^^^                          ------- the lifetime gets resolved as `'_`
    |                 |
    |                 this lifetime flows to the output
    |
help: one option is to remove the lifetime for references and use the anonymous lifetime for paths
    |
409 |     pub fn iter(&self) -> impl Iterator<Item = NodePtr<'_>> {
    |                                                       ++++

warning: lifetime flowing from input to output with different syntax can be confusing
   --> raphtory-core/src/storage/mod.rs:415:21
    |
415 |     pub fn par_iter(&self) -> impl ParallelIterator<Item = NodePtr> {
    |                     ^^^^^                                  ------- the lifetime gets resolved as `'_`
    |                     |
    |                     this lifetime flows to the output
    |
help: one option is to remove the lifetime for references and use the anonymous lifetime for paths
    |
415 |     pub fn par_iter(&self) -> impl ParallelIterator<Item = NodePtr<'_>> {
    |                                                                   ++++

warning: lifetime flowing from input to output with different syntax can be confusing
   --> raphtory-core/src/storage/mod.rs:539:22
    |
539 |     pub fn get_entry(&self, index: VID) -> NodePtr {
    |                      ^^^^^                 ------- the lifetime gets resolved as `'_`
    |                      |
    |                      this lifetime flows to the output
    |
help: one option is to remove the lifetime for references and use the anonymous lifetime for paths
    |
539 |     pub fn get_entry(&self, index: VID) -> NodePtr<'_> {
    |                                                   ++++

warning: lifetime flowing from input to output with different syntax can be confusing
   --> raphtory-core/src/storage/mod.rs:545:17
    |
545 |     pub fn iter(&self) -> impl Iterator<Item = NodePtr> + '_ {
    |                 ^^^^^                          -------    -- the lifetimes get resolved as `'_`
    |                 |                              |
    |                 |                              the lifetimes get resolved as `'_`
    |                 this lifetime flows to the output
    |
help: one option is to remove the lifetime for references and use the anonymous lifetime for paths
    |
545 |     pub fn iter(&self) -> impl Iterator<Item = NodePtr<'_>> + '_ {
    |                                                       ++++

warning: lifetime flowing from input to output with different syntax can be confusing
   --> raphtory-core/src/storage/mod.rs:549:21
    |
549 |     pub fn par_iter(&self) -> impl ParallelIterator<Item = NodePtr> + '_ {
    |                     ^^^^^                                  -------    -- the lifetimes get resolved as `'_`
    |                     |                                      |
    |                     |                                      the lifetimes get resolved as `'_`
    |                     this lifetime flows to the output
    |
help: one option is to remove the lifetime for references and use the anonymous lifetime for paths
    |
549 |     pub fn par_iter(&self) -> impl ParallelIterator<Item = NodePtr<'_>> + '_ {
    |                                                                   ++++

warning: lifetime flowing from input to output with different syntax can be confusing
   --> raphtory-core/src/storage/mod.rs:579:23
    |
579 |     pub fn write_lock(&self) -> WriteLockedNodes {
    |                       ^^^^^     ---------------- the lifetime gets resolved as `'_`
    |                       |
    |                       this lifetime flows to the output
    |
help: one option is to remove the lifetime for references and use the anonymous lifetime for paths
    |
579 |     pub fn write_lock(&self) -> WriteLockedNodes<'_> {
    |                                                 ++++

warning: lifetime flowing from input to output with different syntax can be confusing
   --> raphtory-core/src/storage/mod.rs:598:17
    |
598 |     pub fn push(&self, mut value: NodeStore) -> UninitialisedEntry<NodeStore, NodeSlot> {
    |                 ^^^^^                           --------------------------------------- the lifetime gets resolved as `'_`
    |                 |
    |                 this lifetime flows to the output
    |
help: one option is to remove the lifetime for references and use the anonymous lifetime for paths
    |
598 |     pub fn push(&self, mut value: NodeStore) -> UninitialisedEntry<'_, NodeStore, NodeSlot> {
    |                                                                    +++

warning: lifetime flowing from input to output with different syntax can be confusing
   --> raphtory-core/src/storage/mod.rs:776:9
    |
776 |         &mut self,
    |         ^^^^^^^^^ this lifetime flows to the output
777 |     ) -> impl IndexedParallelIterator<Item = NodeShardWriter<&mut NodeSlot>> + '_ {
    |                                              ------------------------------    -- the lifetimes get resolved as `'_`
    |                                              |               |
    |                                              |               the lifetimes get resolved as `'_`
    |                                              the lifetimes get resolved as `'_`
    |
help: one option is to remove the lifetime for references and use the anonymous lifetime for paths
    |
777 |     ) -> impl IndexedParallelIterator<Item = NodeShardWriter<'_, &mut NodeSlot>> + '_ {
    |                                                              +++

warning: lifetime flowing from input to output with different syntax can be confusing
   --> raphtory-core/src/storage/lazy_vec.rs:244:30
    |
244 |     pub(crate) fn filled_ids(&self) -> BoxedLIter<usize> {
    |                              ^^^^^     ----------------- the lifetime gets resolved as `'_`
    |                              |
    |                              this lifetime flows to the output
    |
help: one option is to remove the lifetime for references and use the anonymous lifetime for paths
    |
244 |     pub(crate) fn filled_ids(&self) -> BoxedLIter<'_, usize> {
    |                                                   +++

warning: lifetime flowing from input to output with different syntax can be confusing
   --> raphtory-core/src/storage/raw_edges.rs:155:23
    |
155 |     pub fn write_lock(&self) -> WriteLockedEdges {
    |                       ^^^^^     ---------------- the lifetime gets resolved as `'_`
    |                       |
    |                       this lifetime flows to the output
    |
help: one option is to remove the lifetime for references and use the anonymous lifetime for paths
    |
155 |     pub fn write_lock(&self) -> WriteLockedEdges<'_> {
    |                                                 ++++

warning: lifetime flowing from input to output with different syntax can be confusing
   --> raphtory-core/src/storage/raw_edges.rs:167:24
    |
167 |     pub(crate) fn push(&self, mut value: EdgeStore) -> UninitialisedEdge {
    |                        ^^^^^                           ----------------- the lifetime gets resolved as `'_`
    |                        |
    |                        this lifetime flows to the output
    |
help: one option is to remove the lifetime for references and use the anonymous lifetime for paths
    |
167 |     pub(crate) fn push(&self, mut value: EdgeStore) -> UninitialisedEdge<'_> {
    |                                                                         ++++

warning: lifetime flowing from input to output with different syntax can be confusing
   --> raphtory-core/src/storage/raw_edges.rs:179:25
    |
179 |     pub fn get_edge_mut(&self, eid: EID) -> EdgeWGuard {
    |                         ^^^^^               ---------- the lifetime gets resolved as `'_`
    |                         |
    |                         this lifetime flows to the output
    |
help: one option is to remove the lifetime for references and use the anonymous lifetime for paths
    |
179 |     pub fn get_edge_mut(&self, eid: EID) -> EdgeWGuard<'_> {
    |                                                       ++++

warning: lifetime flowing from input to output with different syntax can be confusing
   --> raphtory-core/src/storage/raw_edges.rs:187:21
    |
187 |     pub fn get_edge(&self, eid: EID) -> EdgeRGuard {
    |                     ^^^^^               ---------- the lifetime gets resolved as `'_`
    |                     |
    |                     this lifetime flows to the output
    |
help: one option is to remove the lifetime for references and use the anonymous lifetime for paths
    |
187 |     pub fn get_edge(&self, eid: EID) -> EdgeRGuard<'_> {
    |                                                   ++++

warning: lifetime flowing from input to output with different syntax can be confusing
   --> raphtory-core/src/storage/raw_edges.rs:202:19
    |
202 |     pub fn as_mut(&mut self) -> MutEdge {
    |                   ^^^^^^^^^     ------- the lifetime gets resolved as `'_`
    |                   |
    |                   this lifetime flows to the output
    |
help: one option is to remove the lifetime for references and use the anonymous lifetime for paths
    |
202 |     pub fn as_mut(&mut self) -> MutEdge<'_> {
    |                                        ++++

warning: lifetime flowing from input to output with different syntax can be confusing
   --> raphtory-core/src/storage/raw_edges.rs:209:19
    |
209 |     pub fn as_ref(&self) -> MemEdge {
    |                   ^^^^^     ------- the lifetime gets resolved as `'_`
    |                   |
    |                   this lifetime flows to the output
    |
help: one option is to remove the lifetime for references and use the anonymous lifetime for paths
    |
209 |     pub fn as_ref(&self) -> MemEdge<'_> {
    |                                    ++++

warning: lifetime flowing from input to output with different syntax can be confusing
   --> raphtory-core/src/storage/raw_edges.rs:224:19
    |
224 |     pub fn as_ref(&self) -> MemEdge {
    |                   ^^^^^     ------- the lifetime gets resolved as `'_`
    |                   |
    |                   this lifetime flows to the output
    |
help: one option is to remove the lifetime for references and use the anonymous lifetime for paths
    |
224 |     pub fn as_ref(&self) -> MemEdge<'_> {
    |                                    ++++

warning: lifetime flowing from input to output with different syntax can be confusing
   --> raphtory-core/src/storage/raw_edges.rs:296:24
    |
296 |     pub fn as_mem_edge(&self) -> MemEdge {
    |                        ^^^^^     ------- the lifetime gets resolved as `'_`
    |                        |
    |                        this lifetime flows to the output
    |
help: one option is to remove the lifetime for references and use the anonymous lifetime for paths
    |
296 |     pub fn as_mem_edge(&self) -> MemEdge<'_> {
    |                                         ++++

warning: lifetime flowing from input to output with different syntax can be confusing
   --> raphtory-core/src/storage/raw_edges.rs:314:20
    |
314 |     pub fn get_mem(&self, eid: EID) -> MemEdge {
    |                    ^^^^^               ------- the lifetime gets resolved as `'_`
    |                    |
    |                    this lifetime flows to the output
    |
help: one option is to remove the lifetime for references and use the anonymous lifetime for paths
    |
314 |     pub fn get_mem(&self, eid: EID) -> MemEdge<'_> {
    |                                               ++++

warning: lifetime flowing from input to output with different syntax can be confusing
   --> raphtory-core/src/storage/raw_edges.rs:323:17
    |
323 |     pub fn iter(&self) -> impl Iterator<Item = MemEdge> + '_ {
    |                 ^^^^^                          -------    -- the lifetimes get resolved as `'_`
    |                 |                              |
    |                 |                              the lifetimes get resolved as `'_`
    |                 this lifetime flows to the output
    |
help: one option is to remove the lifetime for references and use the anonymous lifetime for paths
    |
323 |     pub fn iter(&self) -> impl Iterator<Item = MemEdge<'_>> + '_ {
    |                                                       ++++

warning: lifetime flowing from input to output with different syntax can be confusing
   --> raphtory-core/src/storage/raw_edges.rs:333:21
    |
333 |     pub fn par_iter(&self) -> impl ParallelIterator<Item = MemEdge> + '_ {
    |                     ^^^^^                                  -------    -- the lifetimes get resolved as `'_`
    |                     |                                      |
    |                     |                                      the lifetimes get resolved as `'_`
    |                     this lifetime flows to the output
    |
help: one option is to remove the lifetime for references and use the anonymous lifetime for paths
    |
333 |     pub fn par_iter(&self) -> impl ParallelIterator<Item = MemEdge<'_>> + '_ {
    |                                                                   ++++

warning: lifetime flowing from input to output with different syntax can be confusing
   --> raphtory-core/src/storage/raw_edges.rs:362:20
    |
362 |     pub fn get_mut(&mut self, eid: EID) -> Option<MutEdge> {
    |                    ^^^^^^^^^                      ------- the lifetime gets resolved as `'_`
    |                    |
    |                    this lifetime flows to the output
    |
help: one option is to remove the lifetime for references and use the anonymous lifetime for paths
    |
362 |     pub fn get_mut(&mut self, eid: EID) -> Option<MutEdge<'_>> {
    |                                                          ++++

warning: lifetime flowing from input to output with different syntax can be confusing
   --> raphtory-core/src/storage/raw_edges.rs:388:9
    |
388 |         &mut self,
    |         ^^^^^^^^^ this lifetime flows to the output
389 |     ) -> impl IndexedParallelIterator<Item = EdgeShardWriter<&mut EdgeShard>> + '_ {
    |                                              -------------------------------    -- the lifetimes get resolved as `'_`
    |                                              |               |
    |                                              |               the lifetimes get resolved as `'_`
    |                                              the lifetimes get resolved as `'_`
    |
help: one option is to remove the lifetime for references and use the anonymous lifetime for paths
    |
389 |     ) -> impl IndexedParallelIterator<Item = EdgeShardWriter<'_, &mut EdgeShard>> + '_ {
    |                                                              +++

warning: `raphtory-core` (lib) generated 42 warnings (run `cargo fix --lib -p raphtory-core` to apply 42 suggestions)
warning: lifetime flowing from input to output with different syntax can be confusing
   --> raphtory-storage/src/core_ops.rs:109:18
    |
109 |     fn core_edge(&self, eid: EID) -> EdgeStorageEntry {
    |                  ^^^^^               ---------------- the lifetime gets resolved as `'_`
    |                  |
    |                  this lifetime flows to the output
    |
    = note: `#[warn(mismatched_lifetime_syntaxes)]` on by default
help: one option is to remove the lifetime for references and use the anonymous lifetime for paths
    |
109 |     fn core_edge(&self, eid: EID) -> EdgeStorageEntry<'_> {
    |                                                      ++++

warning: lifetime flowing from input to output with different syntax can be confusing
   --> raphtory-storage/src/core_ops.rs:119:18
    |
119 |     fn core_node(&self, vid: VID) -> NodeStorageEntry {
    |                  ^^^^^               ---------------- the lifetime gets resolved as `'_`
    |                  |
    |                  this lifetime flows to the output
    |
help: one option is to remove the lifetime for references and use the anonymous lifetime for paths
    |
119 |     fn core_node(&self, vid: VID) -> NodeStorageEntry<'_> {
    |                                                      ++++

warning: lifetime flowing from input to output with different syntax can be confusing
   --> raphtory-storage/src/core_ops.rs:240:26
    |
240 |     fn node_metadata_ids(&self, v: VID) -> BoxedLIter<usize> {
    |                          ^^^^^             ----------------- the lifetime gets resolved as `'_`
    |                          |
    |                          this lifetime flows to the output
    |
help: one option is to remove the lifetime for references and use the anonymous lifetime for paths
    |
240 |     fn node_metadata_ids(&self, v: VID) -> BoxedLIter<'_, usize> {
    |                                                       +++

warning: lifetime flowing from input to output with different syntax can be confusing
  --> raphtory-storage/src/graph/edges/edge_entry.rs:26:19
   |
26 |     pub fn as_ref(&self) -> EdgeStorageRef {
   |                   ^^^^^     -------------- the lifetime gets resolved as `'_`
   |                   |
   |                   this lifetime flows to the output
   |
help: one option is to remove the lifetime for references and use the anonymous lifetime for paths
   |
26 |     pub fn as_ref(&self) -> EdgeStorageRef<'_> {
   |                                           ++++

warning: lifetime flowing from input to output with different syntax can be confusing
  --> raphtory-storage/src/graph/edges/edges.rs:23:19
   |
23 |     pub fn as_ref(&self) -> EdgesStorageRef {
   |                   ^^^^^     --------------- the lifetime gets resolved as `'_`
   |                   |
   |                   this lifetime flows to the output
   |
help: one option is to remove the lifetime for references and use the anonymous lifetime for paths
   |
23 |     pub fn as_ref(&self) -> EdgesStorageRef<'_> {
   |                                            ++++

warning: lifetime flowing from input to output with different syntax can be confusing
  --> raphtory-storage/src/graph/edges/edges.rs:31:17
   |
31 |     pub fn edge(&self, eid: EID) -> EdgeStorageRef {
   |                 ^^^^^               -------------- the lifetime gets resolved as `'_`
   |                 |
   |                 this lifetime flows to the output
   |
help: one option is to remove the lifetime for references and use the anonymous lifetime for paths
   |
31 |     pub fn edge(&self, eid: EID) -> EdgeStorageRef<'_> {
   |                                                   ++++

warning: lifetime flowing from input to output with different syntax can be confusing
   --> raphtory-storage/src/graph/graph.rs:122:18
    |
122 |     pub fn nodes(&self) -> NodesStorageEntry {
    |                  ^^^^^     ----------------- the lifetime gets resolved as `'_`
    |                  |
    |                  this lifetime flows to the output
    |
help: one option is to remove the lifetime for references and use the anonymous lifetime for paths
    |
122 |     pub fn nodes(&self) -> NodesStorageEntry<'_> {
    |                                             ++++

warning: lifetime flowing from input to output with different syntax can be confusing
   --> raphtory-storage/src/graph/graph.rs:210:18
    |
210 |     pub fn edges(&self) -> EdgesStorageRef {
    |                  ^^^^^     --------------- the lifetime gets resolved as `'_`
    |                  |
    |                  this lifetime flows to the output
    |
help: one option is to remove the lifetime for references and use the anonymous lifetime for paths
    |
210 |     pub fn edges(&self) -> EdgesStorageRef<'_> {
    |                                           ++++

warning: lifetime flowing from input to output with different syntax can be confusing
   --> raphtory-storage/src/graph/graph.rs:234:23
    |
234 |     pub fn edge_entry(&self, eid: EID) -> EdgeStorageEntry {
    |                       ^^^^^               ---------------- the lifetime gets resolved as `'_`
    |                       |
    |                       this lifetime flows to the output
    |
help: one option is to remove the lifetime for references and use the anonymous lifetime for paths
    |
234 |     pub fn edge_entry(&self, eid: EID) -> EdgeStorageEntry<'_> {
    |                                                           ++++

warning: lifetime flowing from input to output with different syntax can be confusing
  --> raphtory-storage/src/graph/nodes/node_entry.rs:54:19
   |
54 |     pub fn as_ref(&self) -> NodeStorageRef {
   |                   ^^^^^     -------------- the lifetime gets resolved as `'_`
   |                   |
   |                   this lifetime flows to the output
   |
help: one option is to remove the lifetime for references and use the anonymous lifetime for paths
   |
54 |     pub fn as_ref(&self) -> NodeStorageRef<'_> {
   |                                           ++++

warning: lifetime flowing from input to output with different syntax can be confusing
  --> raphtory-storage/src/graph/nodes/nodes.rs:18:19
   |
18 |     pub fn as_ref(&self) -> NodesStorageEntry {
   |                   ^^^^^     ----------------- the lifetime gets resolved as `'_`
   |                   |
   |                   this lifetime flows to the output
   |
help: one option is to remove the lifetime for references and use the anonymous lifetime for paths
   |
18 |     pub fn as_ref(&self) -> NodesStorageEntry<'_> {
   |                                              ++++

warning: lifetime flowing from input to output with different syntax can be confusing
  --> raphtory-storage/src/graph/nodes/nodes.rs:27:23
   |
27 |     pub fn node_entry(&self, vid: VID) -> NodeStorageRef {
   |                       ^^^^^               -------------- the lifetime gets resolved as `'_`
   |                       |
   |                       this lifetime flows to the output
   |
help: one option is to remove the lifetime for references and use the anonymous lifetime for paths
   |
27 |     pub fn node_entry(&self, vid: VID) -> NodeStorageRef<'_> {
   |                                                         ++++

warning: lifetime flowing from input to output with different syntax can be confusing
  --> raphtory-storage/src/mutation/addition_ops.rs:23:19
   |
23 |     fn write_lock(&self) -> Result<WriteLockedGraph, Self::Error>;
   |                   ^^^^^            ---------------- the lifetime gets resolved as `'_`
   |                   |
   |                   this lifetime flows to the output
   |
help: one option is to remove the lifetime for references and use the anonymous lifetime for paths
   |
23 |     fn write_lock(&self) -> Result<WriteLockedGraph<'_>, Self::Error>;
   |                                                    ++++

warning: lifetime flowing from input to output with different syntax can be confusing
  --> raphtory-storage/src/mutation/addition_ops.rs:24:25
   |
24 |     fn write_lock_nodes(&self) -> Result<WriteLockedNodes, Self::Error>;
   |                         ^^^^^            ---------------- the lifetime gets resolved as `'_`
   |                         |
   |                         this lifetime flows to the output
   |
help: one option is to remove the lifetime for references and use the anonymous lifetime for paths
   |
24 |     fn write_lock_nodes(&self) -> Result<WriteLockedNodes<'_>, Self::Error>;
   |                                                          ++++

warning: lifetime flowing from input to output with different syntax can be confusing
  --> raphtory-storage/src/mutation/addition_ops.rs:25:25
   |
25 |     fn write_lock_edges(&self) -> Result<WriteLockedEdges, Self::Error>;
   |                         ^^^^^            ---------------- the lifetime gets resolved as `'_`
   |                         |
   |                         this lifetime flows to the output
   |
help: one option is to remove the lifetime for references and use the anonymous lifetime for paths
   |
25 |     fn write_lock_edges(&self) -> Result<WriteLockedEdges<'_>, Self::Error>;
   |                                                          ++++

warning: lifetime flowing from input to output with different syntax can be confusing
  --> raphtory-storage/src/mutation/addition_ops.rs:90:19
   |
90 |     fn write_lock(&self) -> Result<WriteLockedGraph, Self::Error> {
   |                   ^^^^^            ---------------- the lifetime gets resolved as `'_`
   |                   |
   |                   this lifetime flows to the output
   |
help: one option is to remove the lifetime for references and use the anonymous lifetime for paths
   |
90 |     fn write_lock(&self) -> Result<WriteLockedGraph<'_>, Self::Error> {
   |                                                    ++++

warning: lifetime flowing from input to output with different syntax can be confusing
  --> raphtory-storage/src/mutation/addition_ops.rs:94:25
   |
94 |     fn write_lock_nodes(&self) -> Result<WriteLockedNodes, Self::Error> {
   |                         ^^^^^            ---------------- the lifetime gets resolved as `'_`
   |                         |
   |                         this lifetime flows to the output
   |
help: one option is to remove the lifetime for references and use the anonymous lifetime for paths
   |
94 |     fn write_lock_nodes(&self) -> Result<WriteLockedNodes<'_>, Self::Error> {
   |                                                          ++++

warning: lifetime flowing from input to output with different syntax can be confusing
  --> raphtory-storage/src/mutation/addition_ops.rs:98:25
   |
98 |     fn write_lock_edges(&self) -> Result<WriteLockedEdges, Self::Error> {
   |                         ^^^^^            ---------------- the lifetime gets resolved as `'_`
   |                         |
   |                         this lifetime flows to the output
   |
help: one option is to remove the lifetime for references and use the anonymous lifetime for paths
   |
98 |     fn write_lock_edges(&self) -> Result<WriteLockedEdges<'_>, Self::Error> {
   |                                                          ++++

warning: lifetime flowing from input to output with different syntax can be confusing
   --> raphtory-storage/src/mutation/addition_ops.rs:257:19
    |
257 |     fn write_lock(&self) -> Result<WriteLockedGraph, Self::Error> {
    |                   ^^^^^            ---------------- the lifetime gets resolved as `'_`
    |                   |
    |                   this lifetime flows to the output
    |
help: one option is to remove the lifetime for references and use the anonymous lifetime for paths
    |
257 |     fn write_lock(&self) -> Result<WriteLockedGraph<'_>, Self::Error> {
    |                                                    ++++

warning: lifetime flowing from input to output with different syntax can be confusing
   --> raphtory-storage/src/mutation/addition_ops.rs:261:25
    |
261 |     fn write_lock_nodes(&self) -> Result<WriteLockedNodes, Self::Error> {
    |                         ^^^^^            ---------------- the lifetime gets resolved as `'_`
    |                         |
    |                         this lifetime flows to the output
    |
help: one option is to remove the lifetime for references and use the anonymous lifetime for paths
    |
261 |     fn write_lock_nodes(&self) -> Result<WriteLockedNodes<'_>, Self::Error> {
    |                                                          ++++

warning: lifetime flowing from input to output with different syntax can be confusing
   --> raphtory-storage/src/mutation/addition_ops.rs:265:25
    |
265 |     fn write_lock_edges(&self) -> Result<WriteLockedEdges, Self::Error> {
    |                         ^^^^^            ---------------- the lifetime gets resolved as `'_`
    |                         |
    |                         this lifetime flows to the output
    |
help: one option is to remove the lifetime for references and use the anonymous lifetime for paths
    |
265 |     fn write_lock_edges(&self) -> Result<WriteLockedEdges<'_>, Self::Error> {
    |                                                          ++++

warning: lifetime flowing from input to output with different syntax can be confusing
   --> raphtory-storage/src/mutation/addition_ops.rs:368:19
    |
368 |     fn write_lock(&self) -> Result<WriteLockedGraph, Self::Error> {
    |                   ^^^^^            ---------------- the lifetime gets resolved as `'_`
    |                   |
    |                   this lifetime flows to the output
    |
help: one option is to remove the lifetime for references and use the anonymous lifetime for paths
    |
368 |     fn write_lock(&self) -> Result<WriteLockedGraph<'_>, Self::Error> {
    |                                                    ++++

warning: lifetime flowing from input to output with different syntax can be confusing
   --> raphtory-storage/src/mutation/addition_ops.rs:373:25
    |
373 |     fn write_lock_nodes(&self) -> Result<WriteLockedNodes, Self::Error> {
    |                         ^^^^^            ---------------- the lifetime gets resolved as `'_`
    |                         |
    |                         this lifetime flows to the output
    |
help: one option is to remove the lifetime for references and use the anonymous lifetime for paths
    |
373 |     fn write_lock_nodes(&self) -> Result<WriteLockedNodes<'_>, Self::Error> {
    |                                                          ++++

warning: lifetime flowing from input to output with different syntax can be confusing
   --> raphtory-storage/src/mutation/addition_ops.rs:378:25
    |
378 |     fn write_lock_edges(&self) -> Result<WriteLockedEdges, Self::Error> {
    |                         ^^^^^            ---------------- the lifetime gets resolved as `'_`
    |                         |
    |                         this lifetime flows to the output
    |
help: one option is to remove the lifetime for references and use the anonymous lifetime for paths
    |
378 |     fn write_lock_edges(&self) -> Result<WriteLockedEdges<'_>, Self::Error> {
    |                                                          ++++

warning: lifetime flowing from input to output with different syntax can be confusing
  --> raphtory-storage/src/mutation/property_addition_ops.rs:31:9
   |
31 |         &self,
   |         ^^^^^ this lifetime flows to the output
...
34 |     ) -> Result<EntryMut<RwLockWriteGuard<NodeSlot>>, Self::Error>;
   |                 ------------------------------------
   |                 |        |
   |                 |        the lifetimes get resolved as `'_`
   |                 the lifetimes get resolved as `'_`
   |
help: one option is to remove the lifetime for references and use the anonymous lifetime for paths
   |
34 |     ) -> Result<EntryMut<'_, RwLockWriteGuard<'_, NodeSlot>>, Self::Error>;
   |                          +++                  +++

warning: lifetime flowing from input to output with different syntax can be confusing
  --> raphtory-storage/src/mutation/property_addition_ops.rs:36:9
   |
36 |         &self,
   |         ^^^^^ this lifetime flows to the output
...
39 |     ) -> Result<EntryMut<RwLockWriteGuard<NodeSlot>>, Self::Error>;
   |                 ------------------------------------
   |                 |        |
   |                 |        the lifetimes get resolved as `'_`
   |                 the lifetimes get resolved as `'_`
   |
help: one option is to remove the lifetime for references and use the anonymous lifetime for paths
   |
39 |     ) -> Result<EntryMut<'_, RwLockWriteGuard<'_, NodeSlot>>, Self::Error>;
   |                          +++                  +++

warning: lifetime flowing from input to output with different syntax can be confusing
  --> raphtory-storage/src/mutation/property_addition_ops.rs:41:9
   |
41 |         &self,
   |         ^^^^^ this lifetime flows to the output
...
45 |     ) -> Result<EdgeWGuard, Self::Error>;
   |                 ---------- the lifetime gets resolved as `'_`
   |
help: one option is to remove the lifetime for references and use the anonymous lifetime for paths
   |
45 |     ) -> Result<EdgeWGuard<'_>, Self::Error>;
   |                           ++++

warning: lifetime flowing from input to output with different syntax can be confusing
  --> raphtory-storage/src/mutation/property_addition_ops.rs:47:9
   |
47 |         &self,
   |         ^^^^^ this lifetime flows to the output
...
51 |     ) -> Result<EdgeWGuard, Self::Error>;
   |                 ---------- the lifetime gets resolved as `'_`
   |
help: one option is to remove the lifetime for references and use the anonymous lifetime for paths
   |
51 |     ) -> Result<EdgeWGuard<'_>, Self::Error>;
   |                           ++++

warning: lifetime flowing from input to output with different syntax can be confusing
  --> raphtory-storage/src/mutation/property_addition_ops.rs:95:9
   |
95 |         &self,
   |         ^^^^^ this lifetime flows to the output
...
98 |     ) -> Result<EntryMut<RwLockWriteGuard<NodeSlot>>, Self::Error> {
   |                 ------------------------------------
   |                 |        |
   |                 |        the lifetimes get resolved as `'_`
   |                 the lifetimes get resolved as `'_`
   |
help: one option is to remove the lifetime for references and use the anonymous lifetime for paths
   |
98 |     ) -> Result<EntryMut<'_, RwLockWriteGuard<'_, NodeSlot>>, Self::Error> {
   |                          +++                  +++

warning: lifetime flowing from input to output with different syntax can be confusing
   --> raphtory-storage/src/mutation/property_addition_ops.rs:111:9
    |
111 |         &self,
    |         ^^^^^ this lifetime flows to the output
...
114 |     ) -> Result<EntryMut<RwLockWriteGuard<NodeSlot>>, Self::Error> {
    |                 ------------------------------------
    |                 |        |
    |                 |        the lifetimes get resolved as `'_`
    |                 the lifetimes get resolved as `'_`
    |
help: one option is to remove the lifetime for references and use the anonymous lifetime for paths
    |
114 |     ) -> Result<EntryMut<'_, RwLockWriteGuard<'_, NodeSlot>>, Self::Error> {
    |                          +++                  +++

warning: lifetime flowing from input to output with different syntax can be confusing
   --> raphtory-storage/src/mutation/property_addition_ops.rs:127:9
    |
127 |         &self,
    |         ^^^^^ this lifetime flows to the output
...
131 |     ) -> Result<EdgeWGuard, Self::Error> {
    |                 ---------- the lifetime gets resolved as `'_`
    |
help: one option is to remove the lifetime for references and use the anonymous lifetime for paths
    |
131 |     ) -> Result<EdgeWGuard<'_>, Self::Error> {
    |                           ++++

warning: lifetime flowing from input to output with different syntax can be confusing
   --> raphtory-storage/src/mutation/property_addition_ops.rs:152:9
    |
152 |         &self,
    |         ^^^^^ this lifetime flows to the output
...
156 |     ) -> Result<EdgeWGuard, Self::Error> {
    |                 ---------- the lifetime gets resolved as `'_`
    |
help: one option is to remove the lifetime for references and use the anonymous lifetime for paths
    |
156 |     ) -> Result<EdgeWGuard<'_>, Self::Error> {
    |                           ++++

warning: lifetime flowing from input to output with different syntax can be confusing
   --> raphtory-storage/src/mutation/property_addition_ops.rs:197:9
    |
197 |         &self,
    |         ^^^^^ this lifetime flows to the output
...
200 |     ) -> Result<EntryMut<RwLockWriteGuard<NodeSlot>>, Self::Error> {
    |                 ------------------------------------
    |                 |        |
    |                 |        the lifetimes get resolved as `'_`
    |                 the lifetimes get resolved as `'_`
    |
help: one option is to remove the lifetime for references and use the anonymous lifetime for paths
    |
200 |     ) -> Result<EntryMut<'_, RwLockWriteGuard<'_, NodeSlot>>, Self::Error> {
    |                          +++                  +++

warning: lifetime flowing from input to output with different syntax can be confusing
   --> raphtory-storage/src/mutation/property_addition_ops.rs:205:9
    |
205 |         &self,
    |         ^^^^^ this lifetime flows to the output
...
208 |     ) -> Result<EntryMut<RwLockWriteGuard<NodeSlot>>, Self::Error> {
    |                 ------------------------------------
    |                 |        |
    |                 |        the lifetimes get resolved as `'_`
    |                 the lifetimes get resolved as `'_`
    |
help: one option is to remove the lifetime for references and use the anonymous lifetime for paths
    |
208 |     ) -> Result<EntryMut<'_, RwLockWriteGuard<'_, NodeSlot>>, Self::Error> {
    |                          +++                  +++

warning: lifetime flowing from input to output with different syntax can be confusing
   --> raphtory-storage/src/mutation/property_addition_ops.rs:213:9
    |
213 |         &self,
    |         ^^^^^ this lifetime flows to the output
...
217 |     ) -> Result<EdgeWGuard, Self::Error> {
    |                 ---------- the lifetime gets resolved as `'_`
    |
help: one option is to remove the lifetime for references and use the anonymous lifetime for paths
    |
217 |     ) -> Result<EdgeWGuard<'_>, Self::Error> {
    |                           ++++

warning: lifetime flowing from input to output with different syntax can be confusing
   --> raphtory-storage/src/mutation/property_addition_ops.rs:223:9
    |
223 |         &self,
    |         ^^^^^ this lifetime flows to the output
...
227 |     ) -> Result<EdgeWGuard, Self::Error> {
    |                 ---------- the lifetime gets resolved as `'_`
    |
help: one option is to remove the lifetime for references and use the anonymous lifetime for paths
    |
227 |     ) -> Result<EdgeWGuard<'_>, Self::Error> {
    |                           ++++

warning: lifetime flowing from input to output with different syntax can be confusing
   --> raphtory-storage/src/mutation/property_addition_ops.rs:262:9
    |
262 |         &self,
    |         ^^^^^ this lifetime flows to the output
...
265 |     ) -> Result<EntryMut<RwLockWriteGuard<NodeSlot>>, Self::Error> {
    |                 ------------------------------------
    |                 |        |
    |                 |        the lifetimes get resolved as `'_`
    |                 the lifetimes get resolved as `'_`
    |
help: one option is to remove the lifetime for references and use the anonymous lifetime for paths
    |
265 |     ) -> Result<EntryMut<'_, RwLockWriteGuard<'_, NodeSlot>>, Self::Error> {
    |                          +++                  +++

warning: lifetime flowing from input to output with different syntax can be confusing
   --> raphtory-storage/src/mutation/property_addition_ops.rs:271:9
    |
271 |         &self,
    |         ^^^^^ this lifetime flows to the output
...
274 |     ) -> Result<EntryMut<RwLockWriteGuard<NodeSlot>>, Self::Error> {
    |                 ------------------------------------
    |                 |        |
    |                 |        the lifetimes get resolved as `'_`
    |                 the lifetimes get resolved as `'_`
    |
help: one option is to remove the lifetime for references and use the anonymous lifetime for paths
    |
274 |     ) -> Result<EntryMut<'_, RwLockWriteGuard<'_, NodeSlot>>, Self::Error> {
    |                          +++                  +++

warning: lifetime flowing from input to output with different syntax can be confusing
   --> raphtory-storage/src/mutation/property_addition_ops.rs:280:9
    |
280 |         &self,
    |         ^^^^^ this lifetime flows to the output
...
284 |     ) -> Result<EdgeWGuard, Self::Error> {
    |                 ---------- the lifetime gets resolved as `'_`
    |
help: one option is to remove the lifetime for references and use the anonymous lifetime for paths
    |
284 |     ) -> Result<EdgeWGuard<'_>, Self::Error> {
    |                           ++++

warning: lifetime flowing from input to output with different syntax can be confusing
   --> raphtory-storage/src/mutation/property_addition_ops.rs:290:9
    |
290 |         &self,
    |         ^^^^^ this lifetime flows to the output
...
294 |     ) -> Result<EdgeWGuard, Self::Error> {
    |                 ---------- the lifetime gets resolved as `'_`
    |
help: one option is to remove the lifetime for references and use the anonymous lifetime for paths
    |
294 |     ) -> Result<EdgeWGuard<'_>, Self::Error> {
    |                           ++++

warning: `raphtory-storage` (lib) generated 40 warnings (run `cargo fix --lib -p raphtory-storage` to apply 40 suggestions)
warning: lifetime flowing from input to output with different syntax can be confusing
  --> raphtory/src/db/api/properties/internal.rs:16:22
   |
16 |     fn temporal_iter(&self, id: usize) -> BoxedLIter<(TimeIndexEntry, Prop)>;
   |                      ^^^^^                ---------------------------------- the lifetime gets resolved as `'_`
   |                      |
   |                      this lifetime flows to the output
   |
   = note: `#[warn(mismatched_lifetime_syntaxes)]` on by default
help: one option is to remove the lifetime for references and use the anonymous lifetime for paths
   |
16 |     fn temporal_iter(&self, id: usize) -> BoxedLIter<'_, (TimeIndexEntry, Prop)>;
   |                                                      +++

warning: lifetime flowing from input to output with different syntax can be confusing
  --> raphtory/src/db/api/properties/internal.rs:18:26
   |
18 |     fn temporal_iter_rev(&self, id: usize) -> BoxedLIter<(TimeIndexEntry, Prop)>;
   |                          ^^^^^                ---------------------------------- the lifetime gets resolved as `'_`
   |                          |
   |                          this lifetime flows to the output
   |
help: one option is to remove the lifetime for references and use the anonymous lifetime for paths
   |
18 |     fn temporal_iter_rev(&self, id: usize) -> BoxedLIter<'_, (TimeIndexEntry, Prop)>;
   |                                                          +++

warning: lifetime flowing from input to output with different syntax can be confusing
  --> raphtory/src/db/api/properties/internal.rs:19:30
   |
19 |     fn temporal_history_iter(&self, id: usize) -> BoxedLIter<i64> {
   |                              ^^^^^                --------------- the lifetime gets resolved as `'_`
   |                              |
   |                              this lifetime flows to the output
   |
help: one option is to remove the lifetime for references and use the anonymous lifetime for paths
   |
19 |     fn temporal_history_iter(&self, id: usize) -> BoxedLIter<'_, i64> {
   |                                                              +++

warning: lifetime flowing from input to output with different syntax can be confusing
  --> raphtory/src/db/api/properties/internal.rs:23:34
   |
23 |     fn temporal_history_iter_rev(&self, id: usize) -> BoxedLIter<i64> {
   |                                  ^^^^^                --------------- the lifetime gets resolved as `'_`
   |                                  |
   |                                  this lifetime flows to the output
   |
help: one option is to remove the lifetime for references and use the anonymous lifetime for paths
   |
23 |     fn temporal_history_iter_rev(&self, id: usize) -> BoxedLIter<'_, i64> {
   |                                                                  +++

warning: lifetime flowing from input to output with different syntax can be confusing
  --> raphtory/src/db/api/properties/internal.rs:35:29
   |
35 |     fn temporal_values_iter(&self, id: usize) -> BoxedLIter<Prop> {
   |                             ^^^^^                ---------------- the lifetime gets resolved as `'_`
   |                             |
   |                             this lifetime flows to the output
   |
help: one option is to remove the lifetime for references and use the anonymous lifetime for paths
   |
35 |     fn temporal_values_iter(&self, id: usize) -> BoxedLIter<'_, Prop> {
   |                                                             +++

warning: lifetime flowing from input to output with different syntax can be confusing
  --> raphtory/src/db/api/properties/internal.rs:39:33
   |
39 |     fn temporal_values_iter_rev(&self, id: usize) -> BoxedLIter<Prop> {
   |                                 ^^^^^                ---------------- the lifetime gets resolved as `'_`
   |                                 |
   |                                 this lifetime flows to the output
   |
help: one option is to remove the lifetime for references and use the anonymous lifetime for paths
   |
39 |     fn temporal_values_iter_rev(&self, id: usize) -> BoxedLIter<'_, Prop> {
   |                                                                 +++

warning: lifetime flowing from input to output with different syntax can be confusing
  --> raphtory/src/db/api/properties/internal.rs:47:13
   |
47 |     fn rows(&self) -> BoxedLIter<(TimeIndexEntry, Vec<(usize, Prop)>)>;
   |             ^^^^^     ------------------------------------------------ the lifetime gets resolved as `'_`
   |             |
   |             this lifetime flows to the output
   |
help: one option is to remove the lifetime for references and use the anonymous lifetime for paths
   |
47 |     fn rows(&self) -> BoxedLIter<'_, (TimeIndexEntry, Vec<(usize, Prop)>)>;
   |                                  +++

warning: lifetime flowing from input to output with different syntax can be confusing
  --> raphtory/src/db/api/properties/internal.rs:54:21
   |
54 |     fn metadata_ids(&self) -> BoxedLIter<usize>;
   |                     ^^^^^     ----------------- the lifetime gets resolved as `'_`
   |                     |
   |                     this lifetime flows to the output
   |
help: one option is to remove the lifetime for references and use the anonymous lifetime for paths
   |
54 |     fn metadata_ids(&self) -> BoxedLIter<'_, usize>;
   |                                          +++

warning: lifetime flowing from input to output with different syntax can be confusing
  --> raphtory/src/db/api/properties/internal.rs:55:22
   |
55 |     fn metadata_keys(&self) -> BoxedLIter<ArcStr> {
   |                      ^^^^^     ------------------ the lifetime gets resolved as `'_`
   |                      |
   |                      this lifetime flows to the output
   |
help: one option is to remove the lifetime for references and use the anonymous lifetime for paths
   |
55 |     fn metadata_keys(&self) -> BoxedLIter<'_, ArcStr> {
   |                                           +++

warning: lifetime flowing from input to output with different syntax can be confusing
  --> raphtory/src/db/api/properties/internal.rs:58:24
   |
58 |     fn metadata_values(&self) -> BoxedLIter<Option<Prop>> {
   |                        ^^^^^     ------------------------ the lifetime gets resolved as `'_`
   |                        |
   |                        this lifetime flows to the output
   |
help: one option is to remove the lifetime for references and use the anonymous lifetime for paths
   |
58 |     fn metadata_values(&self) -> BoxedLIter<'_, Option<Prop>> {
   |                                             +++

warning: lifetime flowing from input to output with different syntax can be confusing
  --> raphtory/src/db/api/properties/internal.rs:68:26
   |
68 |     fn temporal_prop_ids(&self) -> BoxedLIter<usize>;
   |                          ^^^^^     ----------------- the lifetime gets resolved as `'_`
   |                          |
   |                          this lifetime flows to the output
   |
help: one option is to remove the lifetime for references and use the anonymous lifetime for paths
   |
68 |     fn temporal_prop_ids(&self) -> BoxedLIter<'_, usize>;
   |                                               +++

warning: lifetime flowing from input to output with different syntax can be confusing
  --> raphtory/src/db/api/properties/internal.rs:69:27
   |
69 |     fn temporal_prop_keys(&self) -> BoxedLIter<ArcStr> {
   |                           ^^^^^     ------------------ the lifetime gets resolved as `'_`
   |                           |
   |                           this lifetime flows to the output
   |
help: one option is to remove the lifetime for references and use the anonymous lifetime for paths
   |
69 |     fn temporal_prop_keys(&self) -> BoxedLIter<'_, ArcStr> {
   |                                                +++

warning: lifetime flowing from input to output with different syntax can be confusing
   --> raphtory/src/db/api/properties/internal.rs:109:22
    |
109 |     fn temporal_iter(&self, id: usize) -> BoxedLIter<(TimeIndexEntry, Prop)> {
    |                      ^^^^^                ---------------------------------- the lifetime gets resolved as `'_`
    |                      |
    |                      this lifetime flows to the output
    |
help: one option is to remove the lifetime for references and use the anonymous lifetime for paths
    |
109 |     fn temporal_iter(&self, id: usize) -> BoxedLIter<'_, (TimeIndexEntry, Prop)> {
    |                                                      +++

warning: lifetime flowing from input to output with different syntax can be confusing
   --> raphtory/src/db/api/properties/internal.rs:114:26
    |
114 |     fn temporal_iter_rev(&self, id: usize) -> BoxedLIter<(TimeIndexEntry, Prop)> {
    |                          ^^^^^                ---------------------------------- the lifetime gets resolved as `'_`
    |                          |
    |                          this lifetime flows to the output
    |
help: one option is to remove the lifetime for references and use the anonymous lifetime for paths
    |
114 |     fn temporal_iter_rev(&self, id: usize) -> BoxedLIter<'_, (TimeIndexEntry, Prop)> {
    |                                                          +++

warning: lifetime flowing from input to output with different syntax can be confusing
   --> raphtory/src/db/api/properties/internal.rs:119:30
    |
119 |     fn temporal_history_iter(&self, id: usize) -> BoxedLIter<i64> {
    |                              ^^^^^                --------------- the lifetime gets resolved as `'_`
    |                              |
    |                              this lifetime flows to the output
    |
help: one option is to remove the lifetime for references and use the anonymous lifetime for paths
    |
119 |     fn temporal_history_iter(&self, id: usize) -> BoxedLIter<'_, i64> {
    |                                                              +++

warning: lifetime flowing from input to output with different syntax can be confusing
   --> raphtory/src/db/api/properties/internal.rs:124:34
    |
124 |     fn temporal_history_iter_rev(&self, id: usize) -> BoxedLIter<i64> {
    |                                  ^^^^^                --------------- the lifetime gets resolved as `'_`
    |                                  |
    |                                  this lifetime flows to the output
    |
help: one option is to remove the lifetime for references and use the anonymous lifetime for paths
    |
124 |     fn temporal_history_iter_rev(&self, id: usize) -> BoxedLIter<'_, i64> {
    |                                                                  +++

warning: lifetime flowing from input to output with different syntax can be confusing
   --> raphtory/src/db/api/properties/internal.rs:134:29
    |
134 |     fn temporal_values_iter(&self, id: usize) -> BoxedLIter<Prop> {
    |                             ^^^^^                ---------------- the lifetime gets resolved as `'_`
    |                             |
    |                             this lifetime flows to the output
    |
help: one option is to remove the lifetime for references and use the anonymous lifetime for paths
    |
134 |     fn temporal_values_iter(&self, id: usize) -> BoxedLIter<'_, Prop> {
    |                                                             +++

warning: lifetime flowing from input to output with different syntax can be confusing
   --> raphtory/src/db/api/properties/internal.rs:139:33
    |
139 |     fn temporal_values_iter_rev(&self, id: usize) -> BoxedLIter<Prop> {
    |                                 ^^^^^                ---------------- the lifetime gets resolved as `'_`
    |                                 |
    |                                 this lifetime flows to the output
    |
help: one option is to remove the lifetime for references and use the anonymous lifetime for paths
    |
139 |     fn temporal_values_iter_rev(&self, id: usize) -> BoxedLIter<'_, Prop> {
    |                                                                 +++

warning: lifetime flowing from input to output with different syntax can be confusing
   --> raphtory/src/db/api/properties/internal.rs:166:26
    |
166 |     fn temporal_prop_ids(&self) -> BoxedLIter<usize> {
    |                          ^^^^^     ----------------- the lifetime gets resolved as `'_`
    |                          |
    |                          this lifetime flows to the output
    |
help: one option is to remove the lifetime for references and use the anonymous lifetime for paths
    |
166 |     fn temporal_prop_ids(&self) -> BoxedLIter<'_, usize> {
    |                                               +++

warning: lifetime flowing from input to output with different syntax can be confusing
   --> raphtory/src/db/api/properties/internal.rs:171:27
    |
171 |     fn temporal_prop_keys(&self) -> BoxedLIter<ArcStr> {
    |                           ^^^^^     ------------------ the lifetime gets resolved as `'_`
    |                           |
    |                           this lifetime flows to the output
    |
help: one option is to remove the lifetime for references and use the anonymous lifetime for paths
    |
171 |     fn temporal_prop_keys(&self) -> BoxedLIter<'_, ArcStr> {
    |                                                +++

warning: lifetime flowing from input to output with different syntax can be confusing
   --> raphtory/src/db/api/properties/internal.rs:191:21
    |
191 |     fn metadata_ids(&self) -> BoxedLIter<usize> {
    |                     ^^^^^     ----------------- the lifetime gets resolved as `'_`
    |                     |
    |                     this lifetime flows to the output
    |
help: one option is to remove the lifetime for references and use the anonymous lifetime for paths
    |
191 |     fn metadata_ids(&self) -> BoxedLIter<'_, usize> {
    |                                          +++

warning: lifetime flowing from input to output with different syntax can be confusing
   --> raphtory/src/db/api/properties/internal.rs:196:22
    |
196 |     fn metadata_keys(&self) -> BoxedLIter<ArcStr> {
    |                      ^^^^^     ------------------ the lifetime gets resolved as `'_`
    |                      |
    |                      this lifetime flows to the output
    |
help: one option is to remove the lifetime for references and use the anonymous lifetime for paths
    |
196 |     fn metadata_keys(&self) -> BoxedLIter<'_, ArcStr> {
    |                                           +++

warning: lifetime flowing from input to output with different syntax can be confusing
   --> raphtory/src/db/api/properties/internal.rs:201:24
    |
201 |     fn metadata_values(&self) -> BoxedLIter<Option<Prop>> {
    |                        ^^^^^     ------------------------ the lifetime gets resolved as `'_`
    |                        |
    |                        this lifetime flows to the output
    |
help: one option is to remove the lifetime for references and use the anonymous lifetime for paths
    |
201 |     fn metadata_values(&self) -> BoxedLIter<'_, Option<Prop>> {
    |                                             +++

warning: lifetime flowing from input to output with different syntax can be confusing
  --> raphtory/src/db/api/properties/temporal_props.rs:67:20
   |
67 |     pub fn history(&self) -> BoxedLIter<i64> {
   |                    ^^^^^     --------------- the lifetime gets resolved as `'_`
   |                    |
   |                    this lifetime flows to the output
   |
help: one option is to remove the lifetime for references and use the anonymous lifetime for paths
   |
67 |     pub fn history(&self) -> BoxedLIter<'_, i64> {
   |                                         +++

warning: lifetime flowing from input to output with different syntax can be confusing
  --> raphtory/src/db/api/properties/temporal_props.rs:71:24
   |
71 |     pub fn history_rev(&self) -> BoxedLIter<i64> {
   |                        ^^^^^     --------------- the lifetime gets resolved as `'_`
   |                        |
   |                        this lifetime flows to the output
   |
help: one option is to remove the lifetime for references and use the anonymous lifetime for paths
   |
71 |     pub fn history_rev(&self) -> BoxedLIter<'_, i64> {
   |                                             +++

warning: lifetime flowing from input to output with different syntax can be confusing
  --> raphtory/src/db/api/properties/temporal_props.rs:78:19
   |
78 |     pub fn values(&self) -> BoxedLIter<Prop> {
   |                   ^^^^^     ---------------- the lifetime gets resolved as `'_`
   |                   |
   |                   this lifetime flows to the output
   |
help: one option is to remove the lifetime for references and use the anonymous lifetime for paths
   |
78 |     pub fn values(&self) -> BoxedLIter<'_, Prop> {
   |                                        +++

warning: lifetime flowing from input to output with different syntax can be confusing
   --> raphtory/src/db/api/state/lazy_node_state.rs:272:9
    |
272 |         &self,
    |         ^^^^^ this lifetime flows to the output
273 |         index: usize,
274 |     ) -> Option<(NodeView<&Self::BaseGraph, &Self::Graph>, Self::Value<'_>)> {
    |                  ----------------------------------------              -- the lifetimes get resolved as `'_`
    |                  |        |                 |
    |                  |        |                 the lifetimes get resolved as `'_`
    |                  |        the lifetimes get resolved as `'_`
    |                  the lifetimes get resolved as `'_`
    |
help: one option is to remove the lifetime for references and use the anonymous lifetime for paths
    |
274 |     ) -> Option<(NodeView<'_, &Self::BaseGraph, &Self::Graph>, Self::Value<'_>)> {
    |                           +++

warning: lifetime flowing from input to output with different syntax can be confusing
   --> raphtory/src/db/api/state/node_state.rs:445:9
    |
445 |         &self,
    |         ^^^^^ this lifetime flows to the output
446 |         index: usize,
447 |     ) -> Option<(NodeView<&Self::BaseGraph, &Self::Graph>, Self::Value<'_>)> {
    |                  ----------------------------------------              -- the lifetimes get resolved as `'_`
    |                  |        |                 |
    |                  |        |                 the lifetimes get resolved as `'_`
    |                  |        the lifetimes get resolved as `'_`
    |                  the lifetimes get resolved as `'_`
    |
help: one option is to remove the lifetime for references and use the anonymous lifetime for paths
    |
447 |     ) -> Option<(NodeView<'_, &Self::BaseGraph, &Self::Graph>, Self::Value<'_>)> {
    |                           +++

warning: lifetime flowing from input to output with different syntax can be confusing
  --> raphtory/src/db/api/state/node_state_ops.rs:73:9
   |
73 |         &self,
   |         ^^^^^ this lifetime flows to the output
74 |         index: usize,
75 |     ) -> Option<(NodeView<&Self::BaseGraph, &Self::Graph>, Self::Value<'_>)>;
   |                  ----------------------------------------              -- the lifetimes get resolved as `'_`
   |                  |        |                 |
   |                  |        |                 the lifetimes get resolved as `'_`
   |                  |        the lifetimes get resolved as `'_`
   |                  the lifetimes get resolved as `'_`
   |
help: one option is to remove the lifetime for references and use the anonymous lifetime for paths
   |
75 |     ) -> Option<(NodeView<'_, &Self::BaseGraph, &Self::Graph>, Self::Value<'_>)>;
   |                           +++

warning: lifetime flowing from input to output with different syntax can be confusing
   --> raphtory/src/db/api/state/node_state_ops.rs:184:9
    |
184 |         &self,
    |         ^^^^^ this lifetime flows to the output
185 |         cmp: F,
186 |     ) -> Option<(NodeView<&Self::BaseGraph, &Self::Graph>, Self::Value<'_>)> {
    |                  ----------------------------------------              -- the lifetimes get resolved as `'_`
    |                  |        |                 |
    |                  |        |                 the lifetimes get resolved as `'_`
    |                  |        the lifetimes get resolved as `'_`
    |                  the lifetimes get resolved as `'_`
    |
help: one option is to remove the lifetime for references and use the anonymous lifetime for paths
    |
186 |     ) -> Option<(NodeView<'_, &Self::BaseGraph, &Self::Graph>, Self::Value<'_>)> {
    |                           +++

warning: lifetime flowing from input to output with different syntax can be confusing
   --> raphtory/src/db/api/state/node_state_ops.rs:192:9
    |
192 |         &self,
    |         ^^^^^ this lifetime flows to the output
193 |         cmp: F,
194 |     ) -> Option<(NodeView<&Self::BaseGraph, &Self::Graph>, Self::Value<'_>)> {
    |                  ----------------------------------------              -- the lifetimes get resolved as `'_`
    |                  |        |                 |
    |                  |        |                 the lifetimes get resolved as `'_`
    |                  |        the lifetimes get resolved as `'_`
    |                  the lifetimes get resolved as `'_`
    |
help: one option is to remove the lifetime for references and use the anonymous lifetime for paths
    |
194 |     ) -> Option<(NodeView<'_, &Self::BaseGraph, &Self::Graph>, Self::Value<'_>)> {
    |                           +++

warning: lifetime flowing from input to output with different syntax can be confusing
   --> raphtory/src/db/api/state/node_state_ops.rs:200:9
    |
200 |         &self,
    |         ^^^^^ this lifetime flows to the output
201 |         cmp: F,
202 |     ) -> Option<(NodeView<&Self::BaseGraph, &Self::Graph>, Self::Value<'_>)> {
    |                  ----------------------------------------              -- the lifetimes get resolved as `'_`
    |                  |        |                 |
    |                  |        |                 the lifetimes get resolved as `'_`
    |                  |        the lifetimes get resolved as `'_`
    |                  the lifetimes get resolved as `'_`
    |
help: one option is to remove the lifetime for references and use the anonymous lifetime for paths
    |
202 |     ) -> Option<(NodeView<'_, &Self::BaseGraph, &Self::Graph>, Self::Value<'_>)> {
    |                           +++

warning: lifetime flowing from input to output with different syntax can be confusing
  --> raphtory/src/db/api/state/node_state_ord_ops.rs:88:17
   |
88 |     fn min_item(&self) -> Option<(NodeView<&Self::BaseGraph, &Self::Graph>, Self::Value<'_>)>;
   |                 ^^^^^             ----------------------------------------              -- the lifetimes get resolved as `'_`
   |                 |                 |        |                 |
   |                 |                 |        |                 the lifetimes get resolved as `'_`
   |                 |                 |        the lifetimes get resolved as `'_`
   |                 |                 the lifetimes get resolved as `'_`
   |                 this lifetime flows to the output
   |
help: one option is to remove the lifetime for references and use the anonymous lifetime for paths
   |
88 |     fn min_item(&self) -> Option<(NodeView<'_, &Self::BaseGraph, &Self::Graph>, Self::Value<'_>)>;
   |                                            +++

warning: lifetime flowing from input to output with different syntax can be confusing
  --> raphtory/src/db/api/state/node_state_ord_ops.rs:95:17
   |
95 |     fn max_item(&self) -> Option<(NodeView<&Self::BaseGraph, &Self::Graph>, Self::Value<'_>)>;
   |                 ^^^^^             ----------------------------------------              -- the lifetimes get resolved as `'_`
   |                 |                 |        |                 |
   |                 |                 |        |                 the lifetimes get resolved as `'_`
   |                 |                 |        the lifetimes get resolved as `'_`
   |                 |                 the lifetimes get resolved as `'_`
   |                 this lifetime flows to the output
   |
help: one option is to remove the lifetime for references and use the anonymous lifetime for paths
   |
95 |     fn max_item(&self) -> Option<(NodeView<'_, &Self::BaseGraph, &Self::Graph>, Self::Value<'_>)>;
   |                                            +++

warning: lifetime flowing from input to output with different syntax can be confusing
   --> raphtory/src/db/api/state/node_state_ord_ops.rs:102:20
    |
102 |     fn median_item(&self) -> Option<(NodeView<&Self::BaseGraph, &Self::Graph>, Self::Value<'_>)>;
    |                    ^^^^^             ----------------------------------------              -- the lifetimes get resolved as `'_`
    |                    |                 |        |                 |
    |                    |                 |        |                 the lifetimes get resolved as `'_`
    |                    |                 |        the lifetimes get resolved as `'_`
    |                    |                 the lifetimes get resolved as `'_`
    |                    this lifetime flows to the output
    |
help: one option is to remove the lifetime for references and use the anonymous lifetime for paths
    |
102 |     fn median_item(&self) -> Option<(NodeView<'_, &Self::BaseGraph, &Self::Graph>, Self::Value<'_>)>;
    |                                               +++

warning: lifetime flowing from input to output with different syntax can be confusing
   --> raphtory/src/db/api/state/node_state_ord_ops.rs:146:17
    |
146 |     fn min_item(&self) -> Option<(NodeView<&Self::BaseGraph, &Self::Graph>, Self::Value<'_>)>;
    |                 ^^^^^             ----------------------------------------              -- the lifetimes get resolved as `'_`
    |                 |                 |        |                 |
    |                 |                 |        |                 the lifetimes get resolved as `'_`
    |                 |                 |        the lifetimes get resolved as `'_`
    |                 |                 the lifetimes get resolved as `'_`
    |                 this lifetime flows to the output
    |
help: one option is to remove the lifetime for references and use the anonymous lifetime for paths
    |
146 |     fn min_item(&self) -> Option<(NodeView<'_, &Self::BaseGraph, &Self::Graph>, Self::Value<'_>)>;
    |                                            +++

warning: lifetime flowing from input to output with different syntax can be confusing
   --> raphtory/src/db/api/state/node_state_ord_ops.rs:153:17
    |
153 |     fn max_item(&self) -> Option<(NodeView<&Self::BaseGraph, &Self::Graph>, Self::Value<'_>)>;
    |                 ^^^^^             ----------------------------------------              -- the lifetimes get resolved as `'_`
    |                 |                 |        |                 |
    |                 |                 |        |                 the lifetimes get resolved as `'_`
    |                 |                 |        the lifetimes get resolved as `'_`
    |                 |                 the lifetimes get resolved as `'_`
    |                 this lifetime flows to the output
    |
help: one option is to remove the lifetime for references and use the anonymous lifetime for paths
    |
153 |     fn max_item(&self) -> Option<(NodeView<'_, &Self::BaseGraph, &Self::Graph>, Self::Value<'_>)>;
    |                                            +++

warning: lifetime flowing from input to output with different syntax can be confusing
   --> raphtory/src/db/api/state/node_state_ord_ops.rs:160:20
    |
160 |     fn median_item(&self) -> Option<(NodeView<&Self::BaseGraph, &Self::Graph>, Self::Value<'_>)>;
    |                    ^^^^^             ----------------------------------------              -- the lifetimes get resolved as `'_`
    |                    |                 |        |                 |
    |                    |                 |        |                 the lifetimes get resolved as `'_`
    |                    |                 |        the lifetimes get resolved as `'_`
    |                    |                 the lifetimes get resolved as `'_`
    |                    this lifetime flows to the output
    |
help: one option is to remove the lifetime for references and use the anonymous lifetime for paths
    |
160 |     fn median_item(&self) -> Option<(NodeView<'_, &Self::BaseGraph, &Self::Graph>, Self::Value<'_>)>;
    |                                               +++

warning: lifetime flowing from input to output with different syntax can be confusing
   --> raphtory/src/db/api/state/node_state_ord_ops.rs:193:17
    |
193 |     fn min_item(&self) -> Option<(NodeView<&Self::BaseGraph, &Self::Graph>, Self::Value<'_>)> {
    |                 ^^^^^             ----------------------------------------              -- the lifetimes get resolved as `'_`
    |                 |                 |        |                 |
    |                 |                 |        |                 the lifetimes get resolved as `'_`
    |                 |                 |        the lifetimes get resolved as `'_`
    |                 |                 the lifetimes get resolved as `'_`
    |                 this lifetime flows to the output
    |
help: one option is to remove the lifetime for references and use the anonymous lifetime for paths
    |
193 |     fn min_item(&self) -> Option<(NodeView<'_, &Self::BaseGraph, &Self::Graph>, Self::Value<'_>)> {
    |                                            +++

warning: lifetime flowing from input to output with different syntax can be confusing
   --> raphtory/src/db/api/state/node_state_ord_ops.rs:197:17
    |
197 |     fn max_item(&self) -> Option<(NodeView<&Self::BaseGraph, &Self::Graph>, Self::Value<'_>)> {
    |                 ^^^^^             ----------------------------------------              -- the lifetimes get resolved as `'_`
    |                 |                 |        |                 |
    |                 |                 |        |                 the lifetimes get resolved as `'_`
    |                 |                 |        the lifetimes get resolved as `'_`
    |                 |                 the lifetimes get resolved as `'_`
    |                 this lifetime flows to the output
    |
help: one option is to remove the lifetime for references and use the anonymous lifetime for paths
    |
197 |     fn max_item(&self) -> Option<(NodeView<'_, &Self::BaseGraph, &Self::Graph>, Self::Value<'_>)> {
    |                                            +++

warning: lifetime flowing from input to output with different syntax can be confusing
   --> raphtory/src/db/api/state/node_state_ord_ops.rs:201:20
    |
201 |     fn median_item(&self) -> Option<(NodeView<&Self::BaseGraph, &Self::Graph>, Self::Value<'_>)> {
    |                    ^^^^^             ----------------------------------------              -- the lifetimes get resolved as `'_`
    |                    |                 |        |                 |
    |                    |                 |        |                 the lifetimes get resolved as `'_`
    |                    |                 |        the lifetimes get resolved as `'_`
    |                    |                 the lifetimes get resolved as `'_`
    |                    this lifetime flows to the output
    |
help: one option is to remove the lifetime for references and use the anonymous lifetime for paths
    |
201 |     fn median_item(&self) -> Option<(NodeView<'_, &Self::BaseGraph, &Self::Graph>, Self::Value<'_>)> {
    |                                               +++

warning: lifetime flowing from input to output with different syntax can be confusing
   --> raphtory/src/db/api/state/node_state_ord_ops.rs:232:17
    |
232 |     fn min_item(&self) -> Option<(NodeView<&Self::BaseGraph, &Self::Graph>, Self::Value<'_>)> {
    |                 ^^^^^             ----------------------------------------              -- the lifetimes get resolved as `'_`
    |                 |                 |        |                 |
    |                 |                 |        |                 the lifetimes get resolved as `'_`
    |                 |                 |        the lifetimes get resolved as `'_`
    |                 |                 the lifetimes get resolved as `'_`
    |                 this lifetime flows to the output
    |
help: one option is to remove the lifetime for references and use the anonymous lifetime for paths
    |
232 |     fn min_item(&self) -> Option<(NodeView<'_, &Self::BaseGraph, &Self::Graph>, Self::Value<'_>)> {
    |                                            +++

warning: lifetime flowing from input to output with different syntax can be confusing
   --> raphtory/src/db/api/state/node_state_ord_ops.rs:236:17
    |
236 |     fn max_item(&self) -> Option<(NodeView<&Self::BaseGraph, &Self::Graph>, Self::Value<'_>)> {
    |                 ^^^^^             ----------------------------------------              -- the lifetimes get resolved as `'_`
    |                 |                 |        |                 |
    |                 |                 |        |                 the lifetimes get resolved as `'_`
    |                 |                 |        the lifetimes get resolved as `'_`
    |                 |                 the lifetimes get resolved as `'_`
    |                 this lifetime flows to the output
    |
help: one option is to remove the lifetime for references and use the anonymous lifetime for paths
    |
236 |     fn max_item(&self) -> Option<(NodeView<'_, &Self::BaseGraph, &Self::Graph>, Self::Value<'_>)> {
    |                                            +++

warning: lifetime flowing from input to output with different syntax can be confusing
   --> raphtory/src/db/api/state/node_state_ord_ops.rs:240:20
    |
240 |     fn median_item(&self) -> Option<(NodeView<&Self::BaseGraph, &Self::Graph>, Self::Value<'_>)> {
    |                    ^^^^^             ----------------------------------------              -- the lifetimes get resolved as `'_`
    |                    |                 |        |                 |
    |                    |                 |        |                 the lifetimes get resolved as `'_`
    |                    |                 |        the lifetimes get resolved as `'_`
    |                    |                 the lifetimes get resolved as `'_`
    |                    this lifetime flows to the output
    |
help: one option is to remove the lifetime for references and use the anonymous lifetime for paths
    |
240 |     fn median_item(&self) -> Option<(NodeView<'_, &Self::BaseGraph, &Self::Graph>, Self::Value<'_>)> {
    |                                               +++

warning: lifetime flowing from input to output with different syntax can be confusing
  --> raphtory/src/db/api/storage/graph/storage_ops/metadata.rs:19:21
   |
19 |     fn metadata_ids(&self) -> BoxedLIter<usize> {
   |                     ^^^^^     ----------------- the lifetime gets resolved as `'_`
   |                     |
   |                     this lifetime flows to the output
   |
help: one option is to remove the lifetime for references and use the anonymous lifetime for paths
   |
19 |     fn metadata_ids(&self) -> BoxedLIter<'_, usize> {
   |                                          +++

warning: lifetime flowing from input to output with different syntax can be confusing
  --> raphtory/src/db/api/storage/graph/storage_ops/metadata.rs:27:22
   |
27 |     fn metadata_keys(&self) -> BoxedLIter<ArcStr> {
   |                      ^^^^^     ------------------ the lifetime gets resolved as `'_`
   |                      |
   |                      this lifetime flows to the output
   |
help: one option is to remove the lifetime for references and use the anonymous lifetime for paths
   |
27 |     fn metadata_keys(&self) -> BoxedLIter<'_, ArcStr> {
   |                                           +++

warning: lifetime flowing from input to output with different syntax can be confusing
  --> raphtory/src/db/api/storage/graph/storage_ops/time_props.rs:25:22
   |
25 |     fn temporal_iter(&self, id: usize) -> BoxedLIter<(TimeIndexEntry, Prop)> {
   |                      ^^^^^                ---------------------------------- the lifetime gets resolved as `'_`
   |                      |
   |                      this lifetime flows to the output
   |
help: one option is to remove the lifetime for references and use the anonymous lifetime for paths
   |
25 |     fn temporal_iter(&self, id: usize) -> BoxedLIter<'_, (TimeIndexEntry, Prop)> {
   |                                                      +++

warning: lifetime flowing from input to output with different syntax can be confusing
  --> raphtory/src/db/api/storage/graph/storage_ops/time_props.rs:33:26
   |
33 |     fn temporal_iter_rev(&self, id: usize) -> BoxedLIter<(TimeIndexEntry, Prop)> {
   |                          ^^^^^                ---------------------------------- the lifetime gets resolved as `'_`
   |                          |
   |                          this lifetime flows to the output
   |
help: one option is to remove the lifetime for references and use the anonymous lifetime for paths
   |
33 |     fn temporal_iter_rev(&self, id: usize) -> BoxedLIter<'_, (TimeIndexEntry, Prop)> {
   |                                                          +++

warning: lifetime flowing from input to output with different syntax can be confusing
  --> raphtory/src/db/api/storage/graph/storage_ops/time_props.rs:69:26
   |
69 |     fn temporal_prop_ids(&self) -> BoxedLIter<usize> {
   |                          ^^^^^     ----------------- the lifetime gets resolved as `'_`
   |                          |
   |                          this lifetime flows to the output
   |
help: one option is to remove the lifetime for references and use the anonymous lifetime for paths
   |
69 |     fn temporal_prop_ids(&self) -> BoxedLIter<'_, usize> {
   |                                               +++

warning: lifetime flowing from input to output with different syntax can be confusing
  --> raphtory/src/db/api/storage/graph/storage_ops/time_props.rs:73:27
   |
73 |     fn temporal_prop_keys(&self) -> BoxedLIter<ArcStr> {
   |                           ^^^^^     ------------------ the lifetime gets resolved as `'_`
   |                           |
   |                           this lifetime flows to the output
   |
help: one option is to remove the lifetime for references and use the anonymous lifetime for paths
   |
73 |     fn temporal_prop_keys(&self) -> BoxedLIter<'_, ArcStr> {
   |                                                +++

warning: lifetime flowing from input to output with different syntax can be confusing
  --> raphtory/src/db/api/storage/graph/storage_ops/time_semantics.rs:78:27
   |
78 |     fn temporal_prop_iter(&self, prop_id: usize) -> BoxedLDIter<(TimeIndexEntry, Prop)> {
   |                           ^^^^^                     ----------------------------------- the lifetime gets resolved as `'_`
   |                           |
   |                           this lifetime flows to the output
   |
help: one option is to remove the lifetime for references and use the anonymous lifetime for paths
   |
78 |     fn temporal_prop_iter(&self, prop_id: usize) -> BoxedLDIter<'_, (TimeIndexEntry, Prop)> {
   |                                                                 +++

warning: lifetime flowing from input to output with different syntax can be confusing
   --> raphtory/src/db/api/storage/graph/storage_ops/time_semantics.rs:96:9
    |
96  |         &self,
    |         ^^^^^ this lifetime flows to the output
...
100 |     ) -> BoxedLDIter<(TimeIndexEntry, Prop)> {
    |          ----------------------------------- the lifetime gets resolved as `'_`
    |
help: one option is to remove the lifetime for references and use the anonymous lifetime for paths
    |
100 |     ) -> BoxedLDIter<'_, (TimeIndexEntry, Prop)> {
    |                      +++

warning: lifetime flowing from input to output with different syntax can be confusing
   --> raphtory/src/db/api/storage/storage.rs:266:19
    |
266 |     fn write_lock(&self) -> Result<WriteLockedGraph, Self::Error> {
    |                   ^^^^^            ---------------- the lifetime gets resolved as `'_`
    |                   |
    |                   this lifetime flows to the output
    |
help: one option is to remove the lifetime for references and use the anonymous lifetime for paths
    |
266 |     fn write_lock(&self) -> Result<WriteLockedGraph<'_>, Self::Error> {
    |                                                    ++++

warning: lifetime flowing from input to output with different syntax can be confusing
   --> raphtory/src/db/api/storage/storage.rs:270:25
    |
270 |     fn write_lock_nodes(&self) -> Result<WriteLockedNodes, Self::Error> {
    |                         ^^^^^            ---------------- the lifetime gets resolved as `'_`
    |                         |
    |                         this lifetime flows to the output
    |
help: one option is to remove the lifetime for references and use the anonymous lifetime for paths
    |
270 |     fn write_lock_nodes(&self) -> Result<WriteLockedNodes<'_>, Self::Error> {
    |                                                          ++++

warning: lifetime flowing from input to output with different syntax can be confusing
   --> raphtory/src/db/api/storage/storage.rs:274:25
    |
274 |     fn write_lock_edges(&self) -> Result<WriteLockedEdges, Self::Error> {
    |                         ^^^^^            ---------------- the lifetime gets resolved as `'_`
    |                         |
    |                         this lifetime flows to the output
    |
help: one option is to remove the lifetime for references and use the anonymous lifetime for paths
    |
274 |     fn write_lock_edges(&self) -> Result<WriteLockedEdges<'_>, Self::Error> {
    |                                                          ++++

warning: lifetime flowing from input to output with different syntax can be confusing
   --> raphtory/src/db/api/storage/storage.rs:472:9
    |
472 |         &self,
    |         ^^^^^ this lifetime flows to the output
...
475 |     ) -> Result<EntryMut<RwLockWriteGuard<NodeSlot>>, Self::Error> {
    |                 ------------------------------------
    |                 |        |
    |                 |        the lifetimes get resolved as `'_`
    |                 the lifetimes get resolved as `'_`
    |
help: one option is to remove the lifetime for references and use the anonymous lifetime for paths
    |
475 |     ) -> Result<EntryMut<'_, RwLockWriteGuard<'_, NodeSlot>>, Self::Error> {
    |                          +++                  +++

warning: lifetime flowing from input to output with different syntax can be confusing
   --> raphtory/src/db/api/storage/storage.rs:488:9
    |
488 |         &self,
    |         ^^^^^ this lifetime flows to the output
...
491 |     ) -> Result<EntryMut<RwLockWriteGuard<NodeSlot>>, Self::Error> {
    |                 ------------------------------------
    |                 |        |
    |                 |        the lifetimes get resolved as `'_`
    |                 the lifetimes get resolved as `'_`
    |
help: one option is to remove the lifetime for references and use the anonymous lifetime for paths
    |
491 |     ) -> Result<EntryMut<'_, RwLockWriteGuard<'_, NodeSlot>>, Self::Error> {
    |                          +++                  +++

warning: lifetime flowing from input to output with different syntax can be confusing
   --> raphtory/src/db/api/storage/storage.rs:504:9
    |
504 |         &self,
    |         ^^^^^ this lifetime flows to the output
...
508 |     ) -> Result<EdgeWGuard, Self::Error> {
    |                 ---------- the lifetime gets resolved as `'_`
    |
help: one option is to remove the lifetime for references and use the anonymous lifetime for paths
    |
508 |     ) -> Result<EdgeWGuard<'_>, Self::Error> {
    |                           ++++

warning: lifetime flowing from input to output with different syntax can be confusing
   --> raphtory/src/db/api/storage/storage.rs:521:9
    |
521 |         &self,
    |         ^^^^^ this lifetime flows to the output
...
525 |     ) -> Result<EdgeWGuard, Self::Error> {
    |                 ---------- the lifetime gets resolved as `'_`
    |
help: one option is to remove the lifetime for references and use the anonymous lifetime for paths
    |
525 |     ) -> Result<EdgeWGuard<'_>, Self::Error> {
    |                           ++++

warning: lifetime flowing from input to output with different syntax can be confusing
   --> raphtory/src/db/api/view/internal/materialize.rs:142:27
    |
142 |     fn temporal_prop_iter(&self, prop_id: usize) -> BoxedLDIter<(TimeIndexEntry, Prop)> {
    |                           ^^^^^                     ----------------------------------- the lifetime gets resolved as `'_`
    |                           |
    |                           this lifetime flows to the output
    |
help: one option is to remove the lifetime for references and use the anonymous lifetime for paths
    |
142 |     fn temporal_prop_iter(&self, prop_id: usize) -> BoxedLDIter<'_, (TimeIndexEntry, Prop)> {
    |                                                                 +++

warning: lifetime flowing from input to output with different syntax can be confusing
   --> raphtory/src/db/api/view/internal/materialize.rs:151:9
    |
151 |         &self,
    |         ^^^^^ this lifetime flows to the output
...
155 |     ) -> BoxedLDIter<(TimeIndexEntry, Prop)> {
    |          ----------------------------------- the lifetime gets resolved as `'_`
    |
help: one option is to remove the lifetime for references and use the anonymous lifetime for paths
    |
155 |     ) -> BoxedLDIter<'_, (TimeIndexEntry, Prop)> {
    |                      +++

warning: lifetime flowing from input to output with different syntax can be confusing
  --> raphtory/src/db/api/view/internal/time_semantics/mod.rs:62:27
   |
62 |     fn temporal_prop_iter(&self, prop_id: usize) -> BoxedLDIter<(TimeIndexEntry, Prop)>;
   |                           ^^^^^                     ----------------------------------- the lifetime gets resolved as `'_`
   |                           |
   |                           this lifetime flows to the output
   |
help: one option is to remove the lifetime for references and use the anonymous lifetime for paths
   |
62 |     fn temporal_prop_iter(&self, prop_id: usize) -> BoxedLDIter<'_, (TimeIndexEntry, Prop)>;
   |                                                                 +++

warning: lifetime flowing from input to output with different syntax can be confusing
  --> raphtory/src/db/api/view/internal/time_semantics/mod.rs:86:9
   |
86 |         &self,
   |         ^^^^^ this lifetime flows to the output
...
90 |     ) -> BoxedLDIter<(TimeIndexEntry, Prop)>;
   |          ----------------------------------- the lifetime gets resolved as `'_`
   |
help: one option is to remove the lifetime for references and use the anonymous lifetime for paths
   |
90 |     ) -> BoxedLDIter<'_, (TimeIndexEntry, Prop)>;
   |                      +++

warning: lifetime flowing from input to output with different syntax can be confusing
   --> raphtory/src/db/api/view/internal/time_semantics/mod.rs:168:27
    |
168 |     fn temporal_prop_iter(&self, prop_id: usize) -> BoxedLDIter<(TimeIndexEntry, Prop)> {
    |                           ^^^^^                     ----------------------------------- the lifetime gets resolved as `'_`
    |                           |
    |                           this lifetime flows to the output
    |
help: one option is to remove the lifetime for references and use the anonymous lifetime for paths
    |
168 |     fn temporal_prop_iter(&self, prop_id: usize) -> BoxedLDIter<'_, (TimeIndexEntry, Prop)> {
    |                                                                 +++

warning: lifetime flowing from input to output with different syntax can be confusing
   --> raphtory/src/db/api/view/internal/time_semantics/mod.rs:179:9
    |
179 |         &self,
    |         ^^^^^ this lifetime flows to the output
...
183 |     ) -> BoxedLDIter<(TimeIndexEntry, Prop)> {
    |          ----------------------------------- the lifetime gets resolved as `'_`
    |
help: one option is to remove the lifetime for references and use the anonymous lifetime for paths
    |
183 |     ) -> BoxedLDIter<'_, (TimeIndexEntry, Prop)> {
    |                      +++

warning: lifetime flowing from input to output with different syntax can be confusing
   --> raphtory/src/db/graph/edge.rs:131:27
    |
131 |     pub fn deletions_hist(&self) -> BoxedLIter<(TimeIndexEntry, usize)> {
    |                           ^^^^^     ----------------------------------- the lifetime gets resolved as `'_`
    |                           |
    |                           this lifetime flows to the output
    |
help: one option is to remove the lifetime for references and use the anonymous lifetime for paths
    |
131 |     pub fn deletions_hist(&self) -> BoxedLIter<'_, (TimeIndexEntry, usize)> {
    |                                                +++

warning: lifetime flowing from input to output with different syntax can be confusing
   --> raphtory/src/db/graph/edge.rs:435:21
    |
435 |     fn metadata_ids(&self) -> BoxedLIter<usize> {
    |                     ^^^^^     ----------------- the lifetime gets resolved as `'_`
    |                     |
    |                     this lifetime flows to the output
    |
help: one option is to remove the lifetime for references and use the anonymous lifetime for paths
    |
435 |     fn metadata_ids(&self) -> BoxedLIter<'_, usize> {
    |                                          +++

warning: lifetime flowing from input to output with different syntax can be confusing
   --> raphtory/src/db/graph/edge.rs:439:22
    |
439 |     fn metadata_keys(&self) -> BoxedLIter<ArcStr> {
    |                      ^^^^^     ------------------ the lifetime gets resolved as `'_`
    |                      |
    |                      this lifetime flows to the output
    |
help: one option is to remove the lifetime for references and use the anonymous lifetime for paths
    |
439 |     fn metadata_keys(&self) -> BoxedLIter<'_, ArcStr> {
    |                                           +++

warning: lifetime flowing from input to output with different syntax can be confusing
   --> raphtory/src/db/graph/edge.rs:516:22
    |
516 |     fn temporal_iter(&self, id: usize) -> BoxedLIter<(TimeIndexEntry, Prop)> {
    |                      ^^^^^                ---------------------------------- the lifetime gets resolved as `'_`
    |                      |
    |                      this lifetime flows to the output
    |
help: one option is to remove the lifetime for references and use the anonymous lifetime for paths
    |
516 |     fn temporal_iter(&self, id: usize) -> BoxedLIter<'_, (TimeIndexEntry, Prop)> {
    |                                                      +++

warning: lifetime flowing from input to output with different syntax can be confusing
   --> raphtory/src/db/graph/edge.rs:555:26
    |
555 |     fn temporal_iter_rev(&self, id: usize) -> BoxedLIter<(TimeIndexEntry, Prop)> {
    |                          ^^^^^                ---------------------------------- the lifetime gets resolved as `'_`
    |                          |
    |                          this lifetime flows to the output
    |
help: one option is to remove the lifetime for references and use the anonymous lifetime for paths
    |
555 |     fn temporal_iter_rev(&self, id: usize) -> BoxedLIter<'_, (TimeIndexEntry, Prop)> {
    |                                                          +++

warning: lifetime flowing from input to output with different syntax can be confusing
   --> raphtory/src/db/graph/edge.rs:652:26
    |
652 |     fn temporal_prop_ids(&self) -> BoxedLIter<usize> {
    |                          ^^^^^     ----------------- the lifetime gets resolved as `'_`
    |                          |
    |                          this lifetime flows to the output
    |
help: one option is to remove the lifetime for references and use the anonymous lifetime for paths
    |
652 |     fn temporal_prop_ids(&self) -> BoxedLIter<'_, usize> {
    |                                               +++

warning: lifetime flowing from input to output with different syntax can be confusing
   --> raphtory/src/db/graph/edge.rs:656:27
    |
656 |     fn temporal_prop_keys(&self) -> BoxedLIter<ArcStr> {
    |                           ^^^^^     ------------------ the lifetime gets resolved as `'_`
    |                           |
    |                           this lifetime flows to the output
    |
help: one option is to remove the lifetime for references and use the anonymous lifetime for paths
    |
656 |     fn temporal_prop_keys(&self) -> BoxedLIter<'_, ArcStr> {
    |                                                +++

warning: lifetime flowing from input to output with different syntax can be confusing
   --> raphtory/src/db/graph/node.rs:103:20
    |
103 |     fn as_node_ref(&self) -> NodeRef {
    |                    ^^^^^     ------- the lifetime gets resolved as `'_`
    |                    |
    |                    this lifetime flows to the output
    |
help: one option is to remove the lifetime for references and use the anonymous lifetime for paths
    |
103 |     fn as_node_ref(&self) -> NodeRef<'_> {
    |                                     ++++

warning: lifetime flowing from input to output with different syntax can be confusing
   --> raphtory/src/db/graph/node.rs:246:26
    |
246 |     fn temporal_prop_ids(&self) -> BoxedLIter<usize> {
    |                          ^^^^^     ----------------- the lifetime gets resolved as `'_`
    |                          |
    |                          this lifetime flows to the output
    |
help: one option is to remove the lifetime for references and use the anonymous lifetime for paths
    |
246 |     fn temporal_prop_ids(&self) -> BoxedLIter<'_, usize> {
    |                                               +++

warning: lifetime flowing from input to output with different syntax can be confusing
   --> raphtory/src/db/graph/node.rs:272:22
    |
272 |     fn temporal_iter(&self, id: usize) -> BoxedLIter<(TimeIndexEntry, Prop)> {
    |                      ^^^^^                ---------------------------------- the lifetime gets resolved as `'_`
    |                      |
    |                      this lifetime flows to the output
    |
help: one option is to remove the lifetime for references and use the anonymous lifetime for paths
    |
272 |     fn temporal_iter(&self, id: usize) -> BoxedLIter<'_, (TimeIndexEntry, Prop)> {
    |                                                      +++

warning: lifetime flowing from input to output with different syntax can be confusing
   --> raphtory/src/db/graph/node.rs:283:26
    |
283 |     fn temporal_iter_rev(&self, id: usize) -> BoxedLIter<(TimeIndexEntry, Prop)> {
    |                          ^^^^^                ---------------------------------- the lifetime gets resolved as `'_`
    |                          |
    |                          this lifetime flows to the output
    |
help: one option is to remove the lifetime for references and use the anonymous lifetime for paths
    |
283 |     fn temporal_iter_rev(&self, id: usize) -> BoxedLIter<'_, (TimeIndexEntry, Prop)> {
    |                                                          +++

warning: lifetime flowing from input to output with different syntax can be confusing
   --> raphtory/src/db/graph/node.rs:334:21
    |
334 |     fn metadata_ids(&self) -> BoxedLIter<usize> {
    |                     ^^^^^     ----------------- the lifetime gets resolved as `'_`
    |                     |
    |                     this lifetime flows to the output
    |
help: one option is to remove the lifetime for references and use the anonymous lifetime for paths
    |
334 |     fn metadata_ids(&self) -> BoxedLIter<'_, usize> {
    |                                          +++

warning: lifetime flowing from input to output with different syntax can be confusing
   --> raphtory/src/db/graph/nodes.rs:206:17
    |
206 |     pub fn iter(&self) -> impl Iterator<Item = NodeView<&G, &GH>> + use<'_, 'graph, G, GH> {
    |                 ^^^^^                          -----------------        -- the lifetimes get resolved as `'_`
    |                 |                              |        |   |
    |                 |                              |        |   the lifetimes get resolved as `'_`
    |                 |                              |        the lifetimes get resolved as `'_`
    |                 |                              the lifetimes get resolved as `'_`
    |                 this lifetime flows to the output
    |
help: one option is to remove the lifetime for references and use the anonymous lifetime for paths
    |
206 |     pub fn iter(&self) -> impl Iterator<Item = NodeView<'_, &G, &GH>> + use<'_, 'graph, G, GH> {
    |                                                         +++

warning: lifetime flowing from input to output with different syntax can be confusing
   --> raphtory/src/db/graph/nodes.rs:220:9
    |
220 |         &self,
    |         ^^^^^ this lifetime flows to the output
221 |     ) -> impl ParallelIterator<Item = NodeView<&G, &GH>> + use<'_, 'graph, G, GH> {
    |                                       -----------------        -- the lifetimes get resolved as `'_`
    |                                       |        |   |
    |                                       |        |   the lifetimes get resolved as `'_`
    |                                       |        the lifetimes get resolved as `'_`
    |                                       the lifetimes get resolved as `'_`
    |
help: one option is to remove the lifetime for references and use the anonymous lifetime for paths
    |
221 |     ) -> impl ParallelIterator<Item = NodeView<'_, &G, &GH>> + use<'_, 'graph, G, GH> {
    |                                                +++

warning: lifetime flowing from input to output with different syntax can be confusing
   --> raphtory/src/db/graph/views/deletion_graph.rs:198:27
    |
198 |     fn temporal_prop_iter(&self, prop_id: usize) -> BoxedLDIter<(TimeIndexEntry, Prop)> {
    |                           ^^^^^                     ----------------------------------- the lifetime gets resolved as `'_`
    |                           |
    |                           this lifetime flows to the output
    |
help: one option is to remove the lifetime for references and use the anonymous lifetime for paths
    |
198 |     fn temporal_prop_iter(&self, prop_id: usize) -> BoxedLDIter<'_, (TimeIndexEntry, Prop)> {
    |                                                                 +++

warning: lifetime flowing from input to output with different syntax can be confusing
   --> raphtory/src/db/graph/views/deletion_graph.rs:210:9
    |
210 |         &self,
    |         ^^^^^ this lifetime flows to the output
...
214 |     ) -> BoxedLDIter<(TimeIndexEntry, Prop)> {
    |          ----------------------------------- the lifetime gets resolved as `'_`
    |
help: one option is to remove the lifetime for references and use the anonymous lifetime for paths
    |
214 |     ) -> BoxedLDIter<'_, (TimeIndexEntry, Prop)> {
    |                      +++

warning: lifetime flowing from input to output with different syntax can be confusing
   --> raphtory/src/db/graph/views/window_graph.rs:356:22
    |
356 |     fn temporal_iter(&self, id: usize) -> BoxedLIter<(TimeIndexEntry, Prop)> {
    |                      ^^^^^                ---------------------------------- the lifetime gets resolved as `'_`
    |                      |
    |                      this lifetime flows to the output
    |
help: one option is to remove the lifetime for references and use the anonymous lifetime for paths
    |
356 |     fn temporal_iter(&self, id: usize) -> BoxedLIter<'_, (TimeIndexEntry, Prop)> {
    |                                                      +++

warning: lifetime flowing from input to output with different syntax can be confusing
   --> raphtory/src/db/graph/views/window_graph.rs:365:26
    |
365 |     fn temporal_iter_rev(&self, id: usize) -> BoxedLIter<(TimeIndexEntry, Prop)> {
    |                          ^^^^^                ---------------------------------- the lifetime gets resolved as `'_`
    |                          |
    |                          this lifetime flows to the output
    |
help: one option is to remove the lifetime for references and use the anonymous lifetime for paths
    |
365 |     fn temporal_iter_rev(&self, id: usize) -> BoxedLIter<'_, (TimeIndexEntry, Prop)> {
    |                                                          +++

warning: lifetime flowing from input to output with different syntax can be confusing
   --> raphtory/src/db/graph/views/window_graph.rs:394:26
    |
394 |     fn temporal_prop_ids(&self) -> BoxedLIter<usize> {
    |                          ^^^^^     ----------------- the lifetime gets resolved as `'_`
    |                          |
    |                          this lifetime flows to the output
    |
help: one option is to remove the lifetime for references and use the anonymous lifetime for paths
    |
394 |     fn temporal_prop_ids(&self) -> BoxedLIter<'_, usize> {
    |                                               +++

warning: lifetime flowing from input to output with different syntax can be confusing
   --> raphtory/src/db/graph/views/window_graph.rs:459:27
    |
459 |     fn temporal_prop_iter(&self, prop_id: usize) -> BoxedLDIter<(TimeIndexEntry, Prop)> {
    |                           ^^^^^                     ----------------------------------- the lifetime gets resolved as `'_`
    |                           |
    |                           this lifetime flows to the output
    |
help: one option is to remove the lifetime for references and use the anonymous lifetime for paths
    |
459 |     fn temporal_prop_iter(&self, prop_id: usize) -> BoxedLDIter<'_, (TimeIndexEntry, Prop)> {
    |                                                                 +++

warning: lifetime flowing from input to output with different syntax can be confusing
   --> raphtory/src/db/graph/views/window_graph.rs:472:9
    |
472 |         &self,
    |         ^^^^^ this lifetime flows to the output
...
476 |     ) -> BoxedLDIter<(TimeIndexEntry, Prop)> {
    |          ----------------------------------- the lifetime gets resolved as `'_`
    |
help: one option is to remove the lifetime for references and use the anonymous lifetime for paths
    |
476 |     ) -> BoxedLDIter<'_, (TimeIndexEntry, Prop)> {
    |                      +++

warning: lifetime flowing from input to output with different syntax can be confusing
   --> raphtory/src/search/graph_index.rs:363:21
    |
363 |     pub fn searcher(&self) -> Option<Searcher> {
    |                     ^^^^^            -------- the lifetime gets resolved as `'_`
    |                     |
    |                     this lifetime flows to the output
    |
help: one option is to remove the lifetime for references and use the anonymous lifetime for paths
    |
363 |     pub fn searcher(&self) -> Option<Searcher<'_>> {
    |                                              ++++

warning: lifetime flowing from input to output with different syntax can be confusing
  --> raphtory/src/io/arrow/node_col.rs:14:12
   |
14 |     fn get(&self, i: usize) -> Option<GidRef>;
   |            ^^^^^                      ------ the lifetime gets resolved as `'_`
   |            |
   |            this lifetime flows to the output
   |
help: one option is to remove the lifetime for references and use the anonymous lifetime for paths
   |
14 |     fn get(&self, i: usize) -> Option<GidRef<'_>>;
   |                                             ++++

warning: lifetime flowing from input to output with different syntax can be confusing
  --> raphtory/src/io/arrow/node_col.rs:20:12
   |
20 |     fn get(&self, i: usize) -> Option<GidRef> {
   |            ^^^^^                      ------ the lifetime gets resolved as `'_`
   |            |
   |            this lifetime flows to the output
   |
help: one option is to remove the lifetime for references and use the anonymous lifetime for paths
   |
20 |     fn get(&self, i: usize) -> Option<GidRef<'_>> {
   |                                             ++++

warning: lifetime flowing from input to output with different syntax can be confusing
  --> raphtory/src/io/arrow/node_col.rs:30:12
   |
30 |     fn get(&self, i: usize) -> Option<GidRef> {
   |            ^^^^^                      ------ the lifetime gets resolved as `'_`
   |            |
   |            this lifetime flows to the output
   |
help: one option is to remove the lifetime for references and use the anonymous lifetime for paths
   |
30 |     fn get(&self, i: usize) -> Option<GidRef<'_>> {
   |                                             ++++

warning: lifetime flowing from input to output with different syntax can be confusing
  --> raphtory/src/io/arrow/node_col.rs:40:12
   |
40 |     fn get(&self, i: usize) -> Option<GidRef> {
   |            ^^^^^                      ------ the lifetime gets resolved as `'_`
   |            |
   |            this lifetime flows to the output
   |
help: one option is to remove the lifetime for references and use the anonymous lifetime for paths
   |
40 |     fn get(&self, i: usize) -> Option<GidRef<'_>> {
   |                                             ++++

warning: lifetime flowing from input to output with different syntax can be confusing
  --> raphtory/src/io/arrow/node_col.rs:50:12
   |
50 |     fn get(&self, i: usize) -> Option<GidRef> {
   |            ^^^^^                      ------ the lifetime gets resolved as `'_`
   |            |
   |            this lifetime flows to the output
   |
help: one option is to remove the lifetime for references and use the anonymous lifetime for paths
   |
50 |     fn get(&self, i: usize) -> Option<GidRef<'_>> {
   |                                             ++++

warning: lifetime flowing from input to output with different syntax can be confusing
  --> raphtory/src/io/arrow/node_col.rs:60:12
   |
60 |     fn get(&self, i: usize) -> Option<GidRef> {
   |            ^^^^^                      ------ the lifetime gets resolved as `'_`
   |            |
   |            this lifetime flows to the output
   |
help: one option is to remove the lifetime for references and use the anonymous lifetime for paths
   |
60 |     fn get(&self, i: usize) -> Option<GidRef<'_>> {
   |                                             ++++

warning: lifetime flowing from input to output with different syntax can be confusing
   --> raphtory/src/io/arrow/node_col.rs:145:17
    |
145 |     pub fn iter(&self) -> impl Iterator<Item = GidRef> + '_ {
    |                 ^^^^^                          ------    -- the lifetimes get resolved as `'_`
    |                 |                              |
    |                 |                              the lifetimes get resolved as `'_`
    |                 this lifetime flows to the output
    |
help: one option is to remove the lifetime for references and use the anonymous lifetime for paths
    |
145 |     pub fn iter(&self) -> impl Iterator<Item = GidRef<'_>> + '_ {
    |                                                      ++++

warning: `raphtory` (lib) generated 94 warnings (run `cargo fix --lib -p raphtory` to apply 94 suggestions)
warning: unused variable: `filter`
   --> raphtory-graphql/src/model/graph/graph.rs:509:9
    |
509 |         filter: NodeFilter,
    |         ^^^^^^ help: if this is intentional, prefix it with an underscore: `_filter`
    |
    = note: `#[warn(unused_variables)]` on by default

warning: unused variable: `limit`
   --> raphtory-graphql/src/model/graph/graph.rs:510:9
    |
510 |         limit: usize,
    |         ^^^^^ help: if this is intentional, prefix it with an underscore: `_limit`

warning: unused variable: `offset`
   --> raphtory-graphql/src/model/graph/graph.rs:511:9
    |
511 |         offset: usize,
    |         ^^^^^^ help: if this is intentional, prefix it with an underscore: `_offset`

warning: unused variable: `filter`
   --> raphtory-graphql/src/model/graph/graph.rs:532:9
    |
532 |         filter: EdgeFilter,
    |         ^^^^^^ help: if this is intentional, prefix it with an underscore: `_filter`

warning: unused variable: `limit`
   --> raphtory-graphql/src/model/graph/graph.rs:533:9
    |
533 |         limit: usize,
    |         ^^^^^ help: if this is intentional, prefix it with an underscore: `_limit`

warning: unused variable: `offset`
   --> raphtory-graphql/src/model/graph/graph.rs:534:9
    |
534 |         offset: usize,
    |         ^^^^^^ help: if this is intentional, prefix it with an underscore: `_offset`

warning: unused variable: `ctx`
   --> raphtory-graphql/src/model/mod.rs:285:9
    |
285 |         ctx: &Context<'a>,
    |         ^^^ help: if this is intentional, prefix it with an underscore: `_ctx`

warning: unused variable: `path`
   --> raphtory-graphql/src/model/mod.rs:286:9
    |
286 |         path: &str,
    |         ^^^^ help: if this is intentional, prefix it with an underscore: `_path`

warning: unused variable: `index_spec`
   --> raphtory-graphql/src/model/mod.rs:287:9
    |
287 |         index_spec: Option<IndexSpecInput>,
    |         ^^^^^^^^^^ help: if this is intentional, prefix it with an underscore: `_index_spec`

warning: unused variable: `in_ram`
   --> raphtory-graphql/src/model/mod.rs:288:9
    |
288 |         in_ram: bool,
    |         ^^^^^^ help: if this is intentional, prefix it with an underscore: `_in_ram`

warning: unused import: `SearchableGraphOps`
  --> raphtory-graphql/src/model/graph/graph.rs:31:57
   |
31 |                 DynamicGraph, IntoDynamic, NodeViewOps, SearchableGraphOps, StaticGraphViewOps,
   |                                                         ^^^^^^^^^^^^^^^^^^
   |
   = note: `#[warn(unused_imports)]` on by default

warning: fields `metadata` and `properties` are never read
  --> raphtory-graphql/src/model/graph/index.rs:16:9
   |
15 | pub struct SomePropertySpec {
   |            ---------------- fields in this struct
16 |     pub metadata: Vec<String>,
   |         ^^^^^^^^
17 |     pub properties: Vec<String>,
   |         ^^^^^^^^^^
   |
   = note: `#[warn(dead_code)]` on by default

warning: fields `node_props` and `edge_props` are never read
  --> raphtory-graphql/src/model/graph/index.rs:29:9
   |
28 | pub struct IndexSpecInput {
   |            -------------- fields in this struct
29 |     pub node_props: PropsInput,
   |         ^^^^^^^^^^
30 |     pub edge_props: PropsInput,
   |         ^^^^^^^^^^

warning: method `to_index_spec` is never used
  --> raphtory-graphql/src/model/graph/index.rs:34:19
   |
33 | impl IndexSpecInput {
   | ------------------- method in this implementation
34 |     pub(crate) fn to_index_spec<G>(self, graph: G) -> Result<IndexSpec, GraphError>
   |                   ^^^^^^^^^^^^^

warning: `raphtory-graphql` (lib) generated 14 warnings
warning: variable does not need to be mutable
  --> raphtory-graphql/src/main.rs:81:13
   |
81 |         let mut builder = AppConfigBuilder::new()
   |             ----^^^^^^^
   |             |
   |             help: remove this `mut`
   |
   = note: `#[warn(unused_mut)]` on by default

warning: `raphtory-graphql` (bin "raphtory-graphql") generated 1 warning (run `cargo fix --bin "raphtory-graphql"` to apply 1 suggestion)
    Finished `dev` profile [unoptimized] target(s) in 1.42s
     Running `/Volumes/DPC/work/database/Raphtory/target/debug/raphtory-graphql --working-dir /Volumes/DPC/work/new-crates/pdms-io/graphs --port 1737`
  [2m2025-08-03T15:48:49.511131Z[0m [32m INFO[0m [1;32mraphtory_graphql::server[0m[32m: [32mPlayground live at: http://0.0.0.0:1737[0m
    [2;3mat[0m raphtory-graphql/src/server.rs:212

Graph loaded = pdms_complete_pe_data
